SURFACE,BUILDING,orientation,intersection,terrain_elevation,Xcoor,Ycoor,Zcoor,Xdir,Ydir,Zdir,AREA_m2,TYPE,phd,srf,poly,total_rad_Whm2,tilt_deg,B_deg,array_spacing_m,surface_azimuth_deg,area_installed_module_m2,CATteta_z,CATB,CATGB,type_orientation,surface
srf0,B1007,top,0,1,463131.20,15224992.06,16.00,-0.00,0.00,1,0.98,roofs,7,0,463131.5946 15224990.967629587 463131.5946 15224992.6117 463130.39711420075 15224992.6117,1100076.38,0.00,15.33,1.82,-0.00,0.52,5,6,10,roofs_top,srf0
srf1,B1007,top,0,1,463130.76,15224993.16,16.00,-0.00,0.00,1,1.60,roofs,7,0,463130.39711420075 15224992.6117 463131.5946 15224992.6117 463131.5946 15224993.548092514 463129.5946 15224993.7135,1098136.88,0.00,15.33,1.82,-0.00,0.85,5,6,10,roofs_top,srf1
srf2,B1007,top,0,1,463133.50,15224988.48,16.00,-0.00,0.00,1,0.06,roofs,7,0,463133.5946 15224988.221759172 463133.5946 15224988.6117 463133.31058016734 15224988.6117,1103959.62,0.00,15.33,1.82,-0.00,0.03,5,6,10,roofs_top,srf2
srf3,B1007,top,0,1,463133.00,15224989.85,16.00,-0.00,0.00,1,2.02,roofs,7,0,463133.31058016734 15224988.6117 463133.5946 15224988.6117 463133.5946 15224990.6117 463131.85384718404 15224990.6117,1099484.00,0.00,15.33,1.82,-0.00,1.08,5,6,10,roofs_top,srf3
srf4,B1007,top,0,1,463132.61,15224991.62,16.00,-0.00,0.00,1,3.95,roofs,7,0,463131.85384718404 15224990.6117 463133.5946 15224990.6117 463133.5946 15224992.6117 463131.5946 15224992.6117 463131.5946 15224990.967629587,1103025.88,0.00,15.33,1.82,-0.00,2.11,5,6,10,roofs_top,srf4
srf5,B1007,top,0,1,463132.56,15224993.04,16.00,-0.00,0.00,1,1.71,roofs,7,0,463131.5946 15224992.6117 463133.5946 15224992.6117 463133.5946 15224993.382685028 463131.5946 15224993.548092514,1102431.75,0.00,15.33,1.82,-0.00,0.91,5,6,10,roofs_top,srf5
srf6,B1007,top,0,1,463135.32,15224986.23,16.00,-0.00,0.00,1,0.47,roofs,7,0,463135.5946 15224985.475888759 463135.5946 15224986.6117 463134.76731315063 15224986.6117,1104903.00,0.00,15.33,1.82,-0.00,0.25,5,6,10,roofs_top,srf6
srf7,B1007,top,0,1,463134.78,15224987.75,16.00,-0.00,0.00,1,3.06,roofs,7,0,463134.76731315063 15224986.6117 463135.5946 15224986.6117 463135.5946 15224988.6117 463133.5946 15224988.6117 463133.5946 15224988.221759172,1104772.50,0.00,15.33,1.82,-0.00,1.63,5,6,10,roofs_top,srf7
srf8,B1007,top,0,1,463134.59,15224989.61,16.00,-0.00,0.00,1,4.00,roofs,7,0,463133.5946 15224988.6117 463135.5946 15224988.6117 463135.5946 15224990.6117 463133.5946 15224990.6117,1104113.25,0.00,15.33,1.82,-0.00,2.13,5,6,10,roofs_top,srf8
srf9,B1007,top,0,1,463134.59,15224991.61,16.00,-0.00,0.00,1,4.00,roofs,7,0,463133.5946 15224990.6117 463135.5946 15224990.6117 463135.5946 15224992.6117 463133.5946 15224992.6117,1104113.25,0.00,15.33,1.82,-0.00,2.13,5,6,10,roofs_top,srf9
srf10,B1007,top,0,1,463134.55,15224992.96,16.00,-0.00,0.00,1,1.38,roofs,7,0,463133.5946 15224992.6117 463135.5946 15224992.6117 463135.5946 15224993.217277542 463133.5946 15224993.382685028,1104538.25,0.00,15.33,1.82,-0.00,0.73,5,6,10,roofs_top,srf10
srf11,B1007,top,0,1,463137.14,15224983.98,16.00,-0.00,0.00,1,1.29,roofs,7,0,463137.5946 15224982.730018344 463137.5946 15224984.6117 463136.224046134 15224984.6117,1106971.25,0.00,15.33,1.82,-0.00,0.69,5,6,10,roofs_top,srf11
srf12,B1007,top,0,1,463136.65,15224985.66,16.00,-0.00,0.00,1,3.73,roofs,7,0,463136.224046134 15224984.6117 463137.5946 15224984.6117 463137.5946 15224986.6117 463135.5946 15224986.6117 463135.5946 15224985.475888759,1107431.75,0.00,15.33,1.82,-0.00,1.99,5,6,10,roofs_top,srf12
srf13,B1007,top,0,1,463136.59,15224987.61,16.00,-0.00,0.00,1,4.00,roofs,7,0,463135.5946 15224986.6117 463137.5946 15224986.6117 463137.5946 15224988.6117 463135.5946 15224988.6117,1106515.50,0.00,15.33,1.82,-0.00,2.13,5,6,10,roofs_top,srf13
srf14,B1007,top,0,1,463136.59,15224989.61,16.00,-0.00,0.00,1,4.00,roofs,7,0,463135.5946 15224988.6117 463137.5946 15224988.6117 463137.5946 15224990.6117 463135.5946 15224990.6117,1106515.50,0.00,15.33,1.82,-0.00,2.13,5,6,10,roofs_top,srf14
srf15,B1007,top,0,1,463136.59,15224991.61,16.00,-0.00,0.00,1,4.00,roofs,7,0,463135.5946 15224990.6117 463137.5946 15224990.6117 463137.5946 15224992.6117 463135.5946 15224992.6117,1106515.50,0.00,15.33,1.82,-0.00,2.13,5,6,10,roofs_top,srf15
srf16,B1007,top,0,1,463136.54,15224992.88,16.00,-0.00,0.00,1,1.05,roofs,7,0,463135.5946 15224992.6117 463137.5946 15224992.6117 463137.5946 15224993.051870057 463135.5946 15224993.217277542,1106515.50,0.00,15.33,1.82,-0.00,0.56,5,6,10,roofs_top,srf16
srf17,B1007,top,0,1,463139.44,15224980.40,16.00,-0.00,0.00,1,0.14,roofs,7,0,463139.5946 15224979.98414793 463139.5946 15224980.6117 463139.13751210057 15224980.6117,1107278.12,0.00,15.33,1.82,-0.00,0.08,5,6,10,roofs_top,srf17
srf18,B1007,top,0,1,463138.93,15224981.82,16.00,-0.00,0.00,1,2.37,roofs,7,0,463139.13751210057 15224980.6117 463139.5946 15224980.6117 463139.5946 15224982.6117 463137.6807791173 15224982.6117,1107278.12,0.00,15.33,1.82,-0.00,1.26,5,6,10,roofs_top,srf18
srf19,B1007,top,0,1,463138.60,15224983.61,16.00,-0.00,0.00,1,3.99,roofs,7,0,463137.6807791173 15224982.6117 463139.5946 15224982.6117 463139.5946 15224984.6117 463137.5946 15224984.6117 463137.5946 15224982.730018344,1107431.75,0.00,15.33,1.82,-0.00,2.13,5,6,10,roofs_top,srf19
srf20,B1007,top,0,1,463138.59,15224985.61,16.00,-0.00,0.00,1,4.00,roofs,7,0,463137.5946 15224984.6117 463139.5946 15224984.6117 463139.5946 15224986.6117 463137.5946 15224986.6117,1107431.75,0.00,15.33,1.82,-0.00,2.13,5,6,10,roofs_top,srf20
srf21,B1007,top,0,1,463138.59,15224987.61,16.00,-0.00,0.00,1,4.00,roofs,7,0,463137.5946 15224986.6117 463139.5946 15224986.6117 463139.5946 15224988.6117 463137.5946 15224988.6117,1107932.50,0.00,15.33,1.82,-0.00,2.13,5,6,10,roofs_top,srf21
srf22,B1007,top,0,1,463138.59,15224989.61,16.00,-0.00,0.00,1,4.00,roofs,7,0,463137.5946 15224988.6117 463139.5946 15224988.6117 463139.5946 15224990.6117 463137.5946 15224990.6117,1107932.50,0.00,15.33,1.82,-0.00,2.13,5,6,10,roofs_top,srf22
srf23,B1007,top,0,1,463138.59,15224991.61,16.00,-0.00,0.00,1,4.00,roofs,7,0,463137.5946 15224990.6117 463139.5946 15224990.6117 463139.5946 15224992.6117 463137.5946 15224992.6117,1107932.50,0.00,15.33,1.82,-0.00,2.13,5,6,10,roofs_top,srf23
srf24,B1007,top,0,1,463138.52,15224992.79,16.00,-0.00,0.00,1,0.71,roofs,7,0,463137.5946 15224992.6117 463139.5946 15224992.6117 463139.5946 15224992.886462571 463137.5946 15224993.051870057,1107567.50,0.00,15.33,1.82,-0.00,0.38,5,6,10,roofs_top,srf24
srf25,B1007,top,0,1,463141.26,15224978.15,16.00,-0.00,0.00,1,0.69,roofs,7,0,463141.5946 15224977.238277517 463141.5946 15224978.6117 463140.59424508386 15224978.6117,1108718.00,0.00,15.33,1.82,-0.00,0.37,5,6,10,roofs_top,srf25
srf26,B1007,top,0,1,463140.73,15224979.72,16.00,-0.00,0.00,1,3.31,roofs,7,0,463140.59424508386 15224978.6117 463141.5946 15224978.6117 463141.5946 15224980.6117 463139.5946 15224980.6117 463139.5946 15224979.98414793,1107666.00,0.00,15.33,1.82,-0.00,1.77,5,6,10,roofs_top,srf26
srf27,B1007,top,0,1,463140.59,15224981.61,16.00,-0.00,0.00,1,4.00,roofs,7,0,463139.5946 15224980.6117 463141.5946 15224980.6117 463141.5946 15224982.6117 463139.5946 15224982.6117,1107666.00,0.00,15.33,1.82,-0.00,2.13,5,6,10,roofs_top,srf27
srf28,B1007,top,0,1,463140.59,15224983.61,16.00,-0.00,0.00,1,4.00,roofs,7,0,463139.5946 15224982.6117 463141.5946 15224982.6117 463141.5946 15224984.6117 463139.5946 15224984.6117,1107666.00,0.00,15.33,1.82,-0.00,2.13,5,6,10,roofs_top,srf28
srf29,B1007,top,0,1,463140.59,15224985.61,16.00,-0.00,0.00,1,4.00,roofs,7,0,463139.5946 15224984.6117 463141.5946 15224984.6117 463141.5946 15224986.6117 463139.5946 15224986.6117,1107666.00,0.00,15.33,1.82,-0.00,2.13,5,6,10,roofs_top,srf29
srf30,B1007,top,0,1,463140.59,15224987.61,16.00,-0.00,0.00,1,4.00,roofs,7,0,463139.5946 15224986.6117 463141.5946 15224986.6117 463141.5946 15224988.6117 463139.5946 15224988.6117,1108718.00,0.00,15.33,1.82,-0.00,2.13,5,6,10,roofs_top,srf30
srf31,B1007,top,0,1,463140.59,15224989.61,16.00,-0.00,0.00,1,4.00,roofs,7,0,463139.5946 15224988.6117 463141.5946 15224988.6117 463141.5946 15224990.6117 463139.5946 15224990.6117,1107932.50,0.00,15.33,1.82,-0.00,2.13,5,6,10,roofs_top,srf31
srf32,B1007,top,0,1,463140.59,15224991.61,16.00,-0.00,0.00,1,4.00,roofs,7,0,463139.5946 15224990.6117 463141.5946 15224990.6117 463141.5946 15224992.6117 463139.5946 15224992.6117,1107932.50,0.00,15.33,1.82,-0.00,2.13,5,6,10,roofs_top,srf32
srf33,B1007,top,0,1,463140.45,15224992.71,16.00,-0.00,0.00,1,0.38,roofs,7,0,463139.5946 15224992.6117 463141.5946 15224992.6117 463141.5946 15224992.721055085 463139.5946 15224992.886462571,1107932.50,0.00,15.33,1.82,-0.00,0.20,5,6,10,roofs_top,srf33
srf34,B1007,top,0,1,463143.57,15224974.57,16.00,-0.00,0.00,1,0.01,roofs,7,0,463143.5946 15224974.492407102 463143.5946 15224974.6117 463143.5077110505 15224974.6117,1108718.00,0.00,15.33,1.82,-0.00,0.00,5,6,10,roofs_top,srf34
srf35,B1007,top,0,1,463143.08,15224975.91,16.00,-0.00,0.00,1,1.63,roofs,7,0,463143.5077110505 15224974.6117 463143.5946 15224974.6117 463143.5946 15224976.6117 463142.0509780672 15224976.6117,1108718.00,0.00,15.33,1.82,-0.00,0.87,5,6,10,roofs_top,srf35
srf36,B1007,top,0,1,463142.63,15224977.64,16.00,-0.00,0.00,1,3.86,roofs,7,0,463142.0509780672 15224976.6117 463143.5946 15224976.6117 463143.5946 15224978.6117 463141.5946 15224978.6117 463141.5946 15224977.238277517,1108718.00,0.00,15.33,1.82,-0.00,2.06,5,6,10,roofs_top,srf36
srf37,B1007,top,0,1,463142.59,15224979.61,16.00,-0.00,0.00,1,4.00,roofs,7,0,463141.5946 15224978.6117 463143.5946 15224978.6117 463143.5946 15224980.6117 463141.5946 15224980.6117,1108718.00,0.00,15.33,1.82,-0.00,2.13,5,6,10,roofs_top,srf37
srf38,B1007,top,0,1,463142.59,15224981.61,16.00,-0.00,0.00,1,4.00,roofs,7,0,463141.5946 15224980.6117 463143.5946 15224980.6117 463143.5946 15224982.6117 463141.5946 15224982.6117,1108317.50,0.00,15.33,1.82,-0.00,2.13,5,6,10,roofs_top,srf38
srf39,B1007,top,0,1,463142.59,15224983.61,16.00,-0.00,0.00,1,4.00,roofs,7,0,463141.5946 15224982.6117 463143.5946 15224982.6117 463143.5946 15224984.6117 463141.5946 15224984.6117,1107666.00,0.00,15.33,1.82,-0.00,2.13,5,6,10,roofs_top,srf39
srf40,B1007,top,0,1,463142.59,15224985.61,16.00,-0.00,0.00,1,4.00,roofs,7,0,463141.5946 15224984.6117 463143.5946 15224984.6117 463143.5946 15224986.6117 463141.5946 15224986.6117,1108718.00,0.00,15.33,1.82,-0.00,2.13,5,6,10,roofs_top,srf40
srf41,B1007,top,0,1,463142.59,15224987.61,16.00,-0.00,0.00,1,4.00,roofs,7,0,463141.5946 15224986.6117 463143.5946 15224986.6117 463143.5946 15224988.6117 463141.5946 15224988.6117,1108718.00,0.00,15.33,1.82,-0.00,2.13,5,6,10,roofs_top,srf41
srf42,B1007,top,0,1,463142.59,15224989.61,16.00,-0.00,0.00,1,4.00,roofs,7,0,463141.5946 15224988.6117 463143.5946 15224988.6117 463143.5946 15224990.6117 463141.5946 15224990.6117,1108718.00,0.00,15.33,1.82,-0.00,2.13,5,6,10,roofs_top,srf42
srf43,B1007,top,0,1,463142.59,15224991.61,16.00,-0.00,0.00,1,3.98,roofs,7,0,463141.5946 15224992.6117 463141.5946 15224990.6117 463143.5946 15224990.6117 463143.5946 15224992.555647599 463142.9168507277 15224992.6117,1108718.00,0.00,15.33,1.82,-0.00,2.12,5,6,10,roofs_top,srf43
srf44,B1007,top,0,1,463142.04,15224992.65,16.00,-0.00,0.00,1,0.07,roofs,7,0,463141.5946 15224992.6117 463142.9168507277 15224992.6117 463141.5946 15224992.721055085,1108718.00,0.00,15.33,1.82,-0.00,0.04,5,6,10,roofs_top,srf44
srf45,B1007,top,0,1,463145.38,15224972.32,16.00,-0.00,0.00,1,0.27,roofs,7,0,463145.5946 15224971.746536689 463145.5946 15224972.6117 463144.9644440338 15224972.6117,1108718.00,0.00,15.33,1.82,-0.00,0.15,5,6,10,roofs_top,srf45
srf46,B1007,top,0,1,463144.85,15224973.79,16.00,-0.00,0.00,1,2.71,roofs,7,0,463144.9644440338 15224972.6117 463145.5946 15224972.6117 463145.5946 15224974.6117 463143.5946 15224974.6117 463143.5946 15224974.492407102,1108718.00,0.00,15.33,1.82,-0.00,1.45,5,6,10,roofs_top,srf46
srf47,B1007,top,0,1,463144.59,15224975.61,16.00,-0.00,0.00,1,4.00,roofs,7,0,463143.5946 15224974.6117 463145.5946 15224974.6117 463145.5946 15224976.6117 463143.5946 15224976.6117,1108718.00,0.00,15.33,1.82,-0.00,2.13,5,6,10,roofs_top,srf47
srf48,B1007,top,0,1,463144.59,15224977.61,16.00,-0.00,0.00,1,4.00,roofs,7,0,463143.5946 15224976.6117 463145.5946 15224976.6117 463145.5946 15224978.6117 463143.5946 15224978.6117,1108718.00,0.00,15.33,1.82,-0.00,2.13,5,6,10,roofs_top,srf48
srf49,B1007,top,0,1,463144.59,15224979.61,16.00,-0.00,0.00,1,4.00,roofs,7,0,463143.5946 15224978.6117 463145.5946 15224978.6117 463145.5946 15224980.6117 463143.5946 15224980.6117,1108718.00,0.00,15.33,1.82,-0.00,2.13,5,6,10,roofs_top,srf49
srf50,B1007,top,0,1,463144.59,15224981.61,16.00,-0.00,0.00,1,4.00,roofs,7,0,463143.5946 15224980.6117 463145.5946 15224980.6117 463145.5946 15224982.6117 463143.5946 15224982.6117,1108718.00,0.00,15.33,1.82,-0.00,2.13,5,6,10,roofs_top,srf50
srf51,B1007,top,0,1,463144.59,15224983.61,16.00,-0.00,0.00,1,4.00,roofs,7,0,463143.5946 15224982.6117 463145.5946 15224982.6117 463145.5946 15224984.6117 463143.5946 15224984.6117,1108718.00,0.00,15.33,1.82,-0.00,2.13,5,6,10,roofs_top,srf51
srf52,B1007,top,0,1,463144.59,15224985.61,16.00,-0.00,0.00,1,4.00,roofs,7,0,463143.5946 15224984.6117 463145.5946 15224984.6117 463145.5946 15224986.6117 463143.5946 15224986.6117,1108718.00,0.00,15.33,1.82,-0.00,2.13,5,6,10,roofs_top,srf52
srf53,B1007,top,0,1,463144.59,15224987.61,16.00,-0.00,0.00,1,4.00,roofs,7,0,463143.5946 15224986.6117 463145.5946 15224986.6117 463145.5946 15224988.6117 463143.5946 15224988.6117,1108718.00,0.00,15.33,1.82,-0.00,2.13,5,6,10,roofs_top,srf53
srf54,B1007,top,0,1,463144.59,15224989.61,16.00,-0.00,0.00,1,4.00,roofs,7,0,463143.5946 15224988.6117 463145.5946 15224988.6117 463145.5946 15224990.6117 463143.5946 15224990.6117,1108718.00,0.00,15.33,1.82,-0.00,2.13,5,6,10,roofs_top,srf54
srf55,B1007,top,0,1,463144.58,15224991.54,16.00,-0.00,0.00,1,3.72,roofs,7,0,463143.5946 15224990.6117 463145.5946 15224990.6117 463145.5946 15224992.390240112 463143.5946 15224992.555647599,1108718.00,0.00,15.33,1.82,-0.00,1.98,5,6,10,roofs_top,srf55
srf56,B1007,top,0,1,463147.20,15224970.07,16.00,-0.00,0.00,1,0.95,roofs,7,0,463147.5946 15224969.000666274 463147.5946 15224970.6117 463146.4211770171 15224970.6117,1108718.00,0.00,15.33,1.82,-0.00,0.50,5,6,10,roofs_top,srf56
srf57,B1007,top,0,1,463146.69,15224971.69,16.00,-0.00,0.00,1,3.53,roofs,7,0,463146.4211770171 15224970.6117 463147.5946 15224970.6117 463147.5946 15224972.6117 463145.5946 15224972.6117 463145.5946 15224971.746536689,1108718.00,0.00,15.33,1.82,-0.00,1.88,5,6,10,roofs_top,srf57
srf58,B1007,top,0,1,463146.59,15224973.61,16.00,-0.00,0.00,1,4.00,roofs,7,0,463145.5946 15224972.6117 463147.5946 15224972.6117 463147.5946 15224974.6117 463145.5946 15224974.6117,1108718.00,0.00,15.33,1.82,-0.00,2.13,5,6,10,roofs_top,srf58
srf59,B1007,top,0,1,463146.59,15224975.61,16.00,-0.00,0.00,1,4.00,roofs,7,0,463145.5946 15224974.6117 463147.5946 15224974.6117 463147.5946 15224976.6117 463145.5946 15224976.6117,1108718.00,0.00,15.33,1.82,-0.00,2.13,5,6,10,roofs_top,srf59
srf60,B1007,top,0,1,463146.59,15224977.61,16.00,-0.00,0.00,1,4.00,roofs,7,0,463145.5946 15224976.6117 463147.5946 15224976.6117 463147.5946 15224978.6117 463145.5946 15224978.6117,1108718.00,0.00,15.33,1.82,-0.00,2.13,5,6,10,roofs_top,srf60
srf61,B1007,top,0,1,463146.59,15224979.61,16.00,-0.00,0.00,1,4.00,roofs,7,0,463145.5946 15224978.6117 463147.5946 15224978.6117 463147.5946 15224980.6117 463145.5946 15224980.6117,1108718.00,0.00,15.33,1.82,-0.00,2.13,5,6,10,roofs_top,srf61
srf62,B1007,top,0,1,463146.59,15224981.61,16.00,-0.00,0.00,1,4.00,roofs,7,0,463145.5946 15224980.6117 463147.5946 15224980.6117 463147.5946 15224982.6117 463145.5946 15224982.6117,1108718.00,0.00,15.33,1.82,-0.00,2.13,5,6,10,roofs_top,srf62
srf63,B1007,top,0,1,463146.59,15224983.61,16.00,-0.00,0.00,1,4.00,roofs,7,0,463145.5946 15224982.6117 463147.5946 15224982.6117 463147.5946 15224984.6117 463145.5946 15224984.6117,1108718.00,0.00,15.33,1.82,-0.00,2.13,5,6,10,roofs_top,srf63
srf64,B1007,top,0,1,463146.59,15224985.61,16.00,-0.00,0.00,1,4.00,roofs,7,0,463145.5946 15224984.6117 463147.5946 15224984.6117 463147.5946 15224986.6117 463145.5946 15224986.6117,1108718.00,0.00,15.33,1.82,-0.00,2.13,5,6,10,roofs_top,srf64
srf65,B1007,top,0,1,463146.59,15224987.61,16.00,-0.00,0.00,1,4.00,roofs,7,0,463145.5946 15224986.6117 463147.5946 15224986.6117 463147.5946 15224988.6117 463145.5946 15224988.6117,1108718.00,0.00,15.33,1.82,-0.00,2.13,5,6,10,roofs_top,srf65
srf66,B1007,top,0,1,463146.59,15224989.61,16.00,-0.00,0.00,1,4.00,roofs,7,0,463145.5946 15224988.6117 463147.5946 15224988.6117 463147.5946 15224990.6117 463145.5946 15224990.6117,1108718.00,0.00,15.33,1.82,-0.00,2.13,5,6,10,roofs_top,srf66
srf67,B1007,top,0,1,463146.58,15224991.46,16.00,-0.00,0.00,1,3.39,roofs,7,0,463145.5946 15224990.6117 463147.5946 15224990.6117 463147.5946 15224992.224832626 463145.5946 15224992.390240112,1108718.00,0.00,15.33,1.82,-0.00,1.81,5,6,10,roofs_top,srf67
srf68,B1007,top,0,1,463148.91,15224968.16,16.00,-0.00,0.00,1,1.35,roofs,7,0,463148.5735 15224967.6567 463149.5946 15224967.571725562 463149.5946 15224968.6117 463147.8779100004 15224968.6117,1109305.00,0.00,15.33,1.82,-0.00,0.72,5,6,10,roofs_top,srf68
srf69,B1007,top,0,1,463148.61,15224969.62,16.00,-0.00,0.00,1,3.94,roofs,7,0,463147.8779100004 15224968.6117 463149.5946 15224968.6117 463149.5946 15224970.6117 463147.5946 15224970.6117 463147.5946 15224969.000666274,1109305.00,0.00,15.33,1.82,-0.00,2.10,5,6,10,roofs_top,srf69
srf70,B1007,top,0,1,463148.59,15224971.61,16.00,-0.00,0.00,1,4.00,roofs,7,0,463147.5946 15224970.6117 463149.5946 15224970.6117 463149.5946 15224972.6117 463147.5946 15224972.6117,1108718.00,0.00,15.33,1.82,-0.00,2.13,5,6,10,roofs_top,srf70
srf71,B1007,top,0,1,463148.59,15224973.61,16.00,-0.00,0.00,1,4.00,roofs,7,0,463147.5946 15224972.6117 463149.5946 15224972.6117 463149.5946 15224974.6117 463147.5946 15224974.6117,1108718.00,0.00,15.33,1.82,-0.00,2.13,5,6,10,roofs_top,srf71
srf72,B1007,top,0,1,463148.59,15224975.61,16.00,-0.00,0.00,1,4.00,roofs,7,0,463147.5946 15224974.6117 463149.5946 15224974.6117 463149.5946 15224976.6117 463147.5946 15224976.6117,1108718.00,0.00,15.33,1.82,-0.00,2.13,5,6,10,roofs_top,srf72
srf73,B1007,top,0,1,463148.59,15224977.61,16.00,-0.00,0.00,1,4.00,roofs,7,0,463147.5946 15224976.6117 463149.5946 15224976.6117 463149.5946 15224978.6117 463147.5946 15224978.6117,1108718.00,0.00,15.33,1.82,-0.00,2.13,5,6,10,roofs_top,srf73
srf74,B1007,top,0,1,463148.59,15224979.61,16.00,-0.00,0.00,1,4.00,roofs,7,0,463147.5946 15224978.6117 463149.5946 15224978.6117 463149.5946 15224980.6117 463147.5946 15224980.6117,1108718.00,0.00,15.33,1.82,-0.00,2.13,5,6,10,roofs_top,srf74
srf75,B1007,top,0,1,463148.59,15224981.61,16.00,-0.00,0.00,1,4.00,roofs,7,0,463147.5946 15224980.6117 463149.5946 15224980.6117 463149.5946 15224982.6117 463147.5946 15224982.6117,1109226.62,0.00,15.33,1.82,-0.00,2.13,5,6,10,roofs_top,srf75
srf76,B1007,top,0,1,463148.59,15224983.61,16.00,-0.00,0.00,1,4.00,roofs,7,0,463147.5946 15224982.6117 463149.5946 15224982.6117 463149.5946 15224984.6117 463147.5946 15224984.6117,1109191.62,0.00,15.33,1.82,-0.00,2.13,5,6,10,roofs_top,srf76
srf77,B1007,top,0,1,463148.59,15224985.61,16.00,-0.00,0.00,1,4.00,roofs,7,0,463147.5946 15224984.6117 463149.5946 15224984.6117 463149.5946 15224986.6117 463147.5946 15224986.6117,1109191.62,0.00,15.33,1.82,-0.00,2.13,5,6,10,roofs_top,srf77
srf78,B1007,top,0,1,463148.59,15224987.61,16.00,-0.00,0.00,1,4.00,roofs,7,0,463147.5946 15224986.6117 463149.5946 15224986.6117 463149.5946 15224988.6117 463147.5946 15224988.6117,1109191.62,0.00,15.33,1.82,-0.00,2.13,5,6,10,roofs_top,srf78
srf79,B1007,top,0,1,463148.59,15224989.61,16.00,-0.00,0.00,1,4.00,roofs,7,0,463147.5946 15224988.6117 463149.5946 15224988.6117 463149.5946 15224990.6117 463147.5946 15224990.6117,1109191.62,0.00,15.33,1.82,-0.00,2.13,5,6,10,roofs_top,srf79
srf80,B1007,top,0,1,463148.58,15224991.38,16.00,-0.00,0.00,1,3.06,roofs,7,0,463147.5946 15224990.6117 463149.5946 15224990.6117 463149.5946 15224992.05942514 463147.5946 15224992.224832626,1109191.62,0.00,15.33,1.82,-0.00,1.63,5,6,10,roofs_top,srf80
srf81,B1007,top,0,1,463150.62,15224968.05,16.00,-0.00,0.00,1,2.25,roofs,7,0,463151.5946 15224967.40528851 463151.5946 15224968.6117 463149.5946 15224968.6117 463149.5946 15224967.571725562,1110447.75,0.00,15.33,1.82,-0.00,1.20,5,6,10,roofs_top,srf81
srf82,B1007,top,0,1,463150.59,15224969.61,16.00,-0.00,0.00,1,4.00,roofs,7,0,463149.5946 15224968.6117 463151.5946 15224968.6117 463151.5946 15224970.6117 463149.5946 15224970.6117,1110447.75,0.00,15.33,1.82,-0.00,2.13,5,6,10,roofs_top,srf82
srf83,B1007,top,0,1,463150.59,15224971.61,16.00,-0.00,0.00,1,4.00,roofs,7,0,463149.5946 15224970.6117 463151.5946 15224970.6117 463151.5946 15224972.6117 463149.5946 15224972.6117,1110447.75,0.00,15.33,1.82,-0.00,2.13,5,6,10,roofs_top,srf83
srf84,B1007,top,0,1,463150.59,15224973.61,16.00,-0.00,0.00,1,4.00,roofs,7,0,463149.5946 15224972.6117 463151.5946 15224972.6117 463151.5946 15224974.6117 463149.5946 15224974.6117,1110647.62,0.00,15.33,1.82,-0.00,2.13,5,6,10,roofs_top,srf84
srf85,B1007,top,0,1,463150.59,15224975.61,16.00,-0.00,0.00,1,4.00,roofs,7,0,463149.5946 15224974.6117 463151.5946 15224974.6117 463151.5946 15224976.6117 463149.5946 15224976.6117,1110647.62,0.00,15.33,1.82,-0.00,2.13,5,6,10,roofs_top,srf85
srf86,B1007,top,0,1,463150.59,15224977.61,16.00,-0.00,0.00,1,4.00,roofs,7,0,463149.5946 15224976.6117 463151.5946 15224976.6117 463151.5946 15224978.6117 463149.5946 15224978.6117,1110225.00,0.00,15.33,1.82,-0.00,2.13,5,6,10,roofs_top,srf86
srf87,B1007,top,0,1,463150.59,15224979.61,16.00,-0.00,0.00,1,4.00,roofs,7,0,463149.5946 15224978.6117 463151.5946 15224978.6117 463151.5946 15224980.6117 463149.5946 15224980.6117,1110051.50,0.00,15.33,1.82,-0.00,2.13,5,6,10,roofs_top,srf87
srf88,B1007,top,0,1,463150.59,15224981.61,16.00,-0.00,0.00,1,4.00,roofs,7,0,463149.5946 15224980.6117 463151.5946 15224980.6117 463151.5946 15224982.6117 463149.5946 15224982.6117,1110086.50,0.00,15.33,1.82,-0.00,2.13,5,6,10,roofs_top,srf88
srf89,B1007,top,0,1,463150.59,15224983.61,16.00,-0.00,0.00,1,4.00,roofs,7,0,463149.5946 15224982.6117 463151.5946 15224982.6117 463151.5946 15224984.6117 463149.5946 15224984.6117,1110013.75,0.00,15.33,1.82,-0.00,2.13,5,6,10,roofs_top,srf89
srf90,B1007,top,0,1,463150.59,15224985.61,16.00,-0.00,0.00,1,4.00,roofs,7,0,463149.5946 15224984.6117 463151.5946 15224984.6117 463151.5946 15224986.6117 463149.5946 15224986.6117,1110660.75,0.00,15.33,1.82,-0.00,2.13,5,6,10,roofs_top,srf90
srf91,B1007,top,0,1,463150.59,15224987.61,16.00,-0.00,0.00,1,4.00,roofs,7,0,463149.5946 15224986.6117 463151.5946 15224986.6117 463151.5946 15224988.6117 463149.5946 15224988.6117,1110883.50,0.00,15.33,1.82,-0.00,2.13,5,6,10,roofs_top,srf91
srf92,B1007,top,0,1,463150.59,15224989.61,16.00,-0.00,0.00,1,4.00,roofs,7,0,463149.5946 15224988.6117 463151.5946 15224988.6117 463151.5946 15224990.6117 463149.5946 15224990.6117,1110460.75,0.00,15.33,1.82,-0.00,2.13,5,6,10,roofs_top,srf92
srf93,B1007,top,0,1,463150.57,15224991.30,16.00,-0.00,0.00,1,2.73,roofs,7,0,463149.5946 15224990.6117 463151.5946 15224990.6117 463151.5946 15224991.894017655 463149.5946 15224992.05942514,1110460.75,0.00,15.33,1.82,-0.00,1.46,5,6,10,roofs_top,srf93
srf94,B1007,top,0,1,463152.62,15224967.97,16.00,-0.00,0.00,1,2.58,roofs,7,0,463153.5946 15224967.238851458 463153.5946 15224968.6117 463151.5946 15224968.6117 463151.5946 15224967.40528851,1110921.50,0.00,15.33,1.82,-0.00,1.38,5,6,10,roofs_top,srf94
srf95,B1007,top,0,1,463152.59,15224969.61,16.00,-0.00,0.00,1,4.00,roofs,7,0,463151.5946 15224968.6117 463153.5946 15224968.6117 463153.5946 15224970.6117 463151.5946 15224970.6117,1110447.75,0.00,15.33,1.82,-0.00,2.13,5,6,10,roofs_top,srf95
srf96,B1007,top,0,1,463152.59,15224971.61,16.00,-0.00,0.00,1,4.00,roofs,7,0,463151.5946 15224970.6117 463153.5946 15224970.6117 463153.5946 15224972.6117 463151.5946 15224972.6117,1110447.75,0.00,15.33,1.82,-0.00,2.13,5,6,10,roofs_top,srf96
srf97,B1007,top,0,1,463152.59,15224973.61,16.00,-0.00,0.00,1,4.00,roofs,7,0,463151.5946 15224972.6117 463153.5946 15224972.6117 463153.5946 15224974.6117 463151.5946 15224974.6117,1111573.12,0.00,15.33,1.82,-0.00,2.13,5,6,10,roofs_top,srf97
srf98,B1007,top,0,1,463152.59,15224975.61,16.00,-0.00,0.00,1,4.00,roofs,7,0,463151.5946 15224974.6117 463153.5946 15224974.6117 463153.5946 15224976.6117 463151.5946 15224976.6117,1111573.12,0.00,15.33,1.82,-0.00,2.13,5,6,10,roofs_top,srf98
srf99,B1007,top,0,1,463152.59,15224977.61,16.00,-0.00,0.00,1,4.00,roofs,7,0,463151.5946 15224976.6117 463153.5946 15224976.6117 463153.5946 15224978.6117 463151.5946 15224978.6117,1111573.12,0.00,15.33,1.82,-0.00,2.13,5,6,10,roofs_top,srf99
srf100,B1007,top,0,1,463152.59,15224979.61,16.00,-0.00,0.00,1,4.00,roofs,7,0,463151.5946 15224978.6117 463153.5946 15224978.6117 463153.5946 15224980.6117 463151.5946 15224980.6117,1110977.00,0.00,15.33,1.82,-0.00,2.13,5,6,10,roofs_top,srf100
srf101,B1007,top,0,1,463152.59,15224981.61,16.00,-0.00,0.00,1,4.00,roofs,7,0,463151.5946 15224980.6117 463153.5946 15224980.6117 463153.5946 15224982.6117 463151.5946 15224982.6117,1111012.00,0.00,15.33,1.82,-0.00,2.13,5,6,10,roofs_top,srf101
srf102,B1007,top,0,1,463152.59,15224983.61,16.00,-0.00,0.00,1,4.00,roofs,7,0,463151.5946 15224982.6117 463153.5946 15224982.6117 463153.5946 15224984.6117 463151.5946 15224984.6117,1111012.00,0.00,15.33,1.82,-0.00,2.13,5,6,10,roofs_top,srf102
srf103,B1007,top,0,1,463152.59,15224985.61,16.00,-0.00,0.00,1,4.00,roofs,7,0,463151.5946 15224984.6117 463153.5946 15224984.6117 463153.5946 15224986.6117 463151.5946 15224986.6117,1112081.75,0.00,15.33,1.82,-0.00,2.13,5,6,10,roofs_top,srf103
srf104,B1007,top,0,1,463152.59,15224987.61,16.00,-0.00,0.00,1,4.00,roofs,7,0,463151.5946 15224986.6117 463153.5946 15224986.6117 463153.5946 15224988.6117 463151.5946 15224988.6117,1112081.75,0.00,15.33,1.82,-0.00,2.13,5,6,10,roofs_top,srf104
srf105,B1007,top,0,1,463152.59,15224989.61,16.00,-0.00,0.00,1,4.00,roofs,7,0,463151.5946 15224988.6117 463153.5946 15224988.6117 463153.5946 15224990.6117 463151.5946 15224990.6117,1112081.75,0.00,15.33,1.82,-0.00,2.13,5,6,10,roofs_top,srf105
srf106,B1007,top,0,1,463152.57,15224991.21,16.00,-0.00,0.00,1,2.40,roofs,7,0,463151.5946 15224990.6117 463153.5946 15224990.6117 463153.5946 15224991.72861017 463151.5946 15224991.894017655,1112081.75,0.00,15.33,1.82,-0.00,1.28,5,6,10,roofs_top,srf106
srf107,B1007,top,0,1,463154.61,15224967.88,16.00,-0.00,0.00,1,2.91,roofs,7,0,463155.5946 15224967.072414406 463155.5946 15224968.6117 463153.5946 15224968.6117 463153.5946 15224967.238851458,1111156.25,0.00,15.33,1.82,-0.00,1.55,5,6,10,roofs_top,srf107
srf108,B1007,top,0,1,463154.59,15224969.61,16.00,-0.00,0.00,1,4.00,roofs,7,0,463153.5946 15224968.6117 463155.5946 15224968.6117 463155.5946 15224970.6117 463153.5946 15224970.6117,1110956.50,0.00,15.33,1.82,-0.00,2.13,5,6,10,roofs_top,srf108
srf109,B1007,top,0,1,463154.59,15224971.61,16.00,-0.00,0.00,1,4.00,roofs,7,0,463153.5946 15224970.6117 463155.5946 15224970.6117 463155.5946 15224972.6117 463153.5946 15224972.6117,1111156.25,0.00,15.33,1.82,-0.00,2.13,5,6,10,roofs_top,srf109
srf110,B1007,top,0,1,463154.59,15224973.61,16.00,-0.00,0.00,1,4.00,roofs,7,0,463153.5946 15224972.6117 463155.5946 15224972.6117 463155.5946 15224974.6117 463153.5946 15224974.6117,1112081.75,0.00,15.33,1.82,-0.00,2.13,5,6,10,roofs_top,srf110
srf111,B1007,top,0,1,463154.59,15224975.61,16.00,-0.00,0.00,1,4.00,roofs,7,0,463153.5946 15224974.6117 463155.5946 15224974.6117 463155.5946 15224976.6117 463153.5946 15224976.6117,1112081.75,0.00,15.33,1.82,-0.00,2.13,5,6,10,roofs_top,srf111
srf112,B1007,top,0,1,463154.59,15224977.61,16.00,-0.00,0.00,1,4.00,roofs,7,0,463153.5946 15224976.6117 463155.5946 15224976.6117 463155.5946 15224978.6117 463153.5946 15224978.6117,1112081.75,0.00,15.33,1.82,-0.00,2.13,5,6,10,roofs_top,srf112
srf113,B1007,top,0,1,463154.59,15224979.61,16.00,-0.00,0.00,1,4.00,roofs,7,0,463153.5946 15224978.6117 463155.5946 15224978.6117 463155.5946 15224980.6117 463153.5946 15224980.6117,1111012.00,0.00,15.33,1.82,-0.00,2.13,5,6,10,roofs_top,srf113
srf114,B1007,top,0,1,463154.59,15224981.61,16.00,-0.00,0.00,1,4.00,roofs,7,0,463153.5946 15224980.6117 463155.5946 15224980.6117 463155.5946 15224982.6117 463153.5946 15224982.6117,1111012.00,0.00,15.33,1.82,-0.00,2.13,5,6,10,roofs_top,srf114
srf115,B1007,top,0,1,463154.59,15224983.61,16.00,-0.00,0.00,1,4.00,roofs,7,0,463153.5946 15224982.6117 463155.5946 15224982.6117 463155.5946 15224984.6117 463153.5946 15224984.6117,1111012.00,0.00,15.33,1.82,-0.00,2.13,5,6,10,roofs_top,srf115
srf116,B1007,top,0,1,463154.59,15224985.61,16.00,-0.00,0.00,1,4.00,roofs,7,0,463153.5946 15224984.6117 463155.5946 15224984.6117 463155.5946 15224986.6117 463153.5946 15224986.6117,1112081.75,0.00,15.33,1.82,-0.00,2.13,5,6,10,roofs_top,srf116
srf117,B1007,top,0,1,463154.59,15224987.61,16.00,-0.00,0.00,1,4.00,roofs,7,0,463153.5946 15224986.6117 463155.5946 15224986.6117 463155.5946 15224988.6117 463153.5946 15224988.6117,1112081.75,0.00,15.33,1.82,-0.00,2.13,5,6,10,roofs_top,srf117
srf118,B1007,top,0,1,463154.59,15224989.61,16.00,-0.00,0.00,1,4.00,roofs,7,0,463153.5946 15224988.6117 463155.5946 15224988.6117 463155.5946 15224990.6117 463153.5946 15224990.6117,1112081.75,0.00,15.33,1.82,-0.00,2.13,5,6,10,roofs_top,srf118
srf119,B1007,top,0,1,463154.57,15224991.13,16.00,-0.00,0.00,1,2.07,roofs,7,0,463153.5946 15224990.6117 463155.5946 15224990.6117 463155.5946 15224991.563202683 463153.5946 15224991.72861017,1112081.75,0.00,15.33,1.82,-0.00,1.10,5,6,10,roofs_top,srf119
srf120,B1007,top,0,1,463156.61,15224967.80,16.00,-0.00,0.00,1,3.25,roofs,7,0,463157.5946 15224966.905977353 463157.5946 15224968.6117 463155.5946 15224968.6117 463155.5946 15224967.072414406,1112221.25,0.00,15.33,1.82,-0.00,1.73,5,6,10,roofs_top,srf120
srf121,B1007,top,0,1,463156.59,15224969.61,16.00,-0.00,0.00,1,4.00,roofs,7,0,463155.5946 15224968.6117 463157.5946 15224968.6117 463157.5946 15224970.6117 463155.5946 15224970.6117,1112081.75,0.00,15.33,1.82,-0.00,2.13,5,6,10,roofs_top,srf121
srf122,B1007,top,0,1,463156.59,15224971.61,16.00,-0.00,0.00,1,4.00,roofs,7,0,463155.5946 15224970.6117 463157.5946 15224970.6117 463157.5946 15224972.6117 463155.5946 15224972.6117,1112081.75,0.00,15.33,1.82,-0.00,2.13,5,6,10,roofs_top,srf122
srf123,B1007,top,0,1,463156.59,15224973.61,16.00,-0.00,0.00,1,4.00,roofs,7,0,463155.5946 15224972.6117 463157.5946 15224972.6117 463157.5946 15224974.6117 463155.5946 15224974.6117,1112081.75,0.00,15.33,1.82,-0.00,2.13,5,6,10,roofs_top,srf123
srf124,B1007,top,0,1,463156.59,15224975.61,16.00,-0.00,0.00,1,4.00,roofs,7,0,463155.5946 15224974.6117 463157.5946 15224974.6117 463157.5946 15224976.6117 463155.5946 15224976.6117,1112081.75,0.00,15.33,1.82,-0.00,2.13,5,6,10,roofs_top,srf124
srf125,B1007,top,0,1,463156.59,15224977.61,16.00,-0.00,0.00,1,4.00,roofs,7,0,463155.5946 15224976.6117 463157.5946 15224976.6117 463157.5946 15224978.6117 463155.5946 15224978.6117,1112081.75,0.00,15.33,1.82,-0.00,2.13,5,6,10,roofs_top,srf125
srf126,B1007,top,0,1,463156.59,15224979.61,16.00,-0.00,0.00,1,4.00,roofs,7,0,463155.5946 15224978.6117 463157.5946 15224978.6117 463157.5946 15224980.6117 463155.5946 15224980.6117,1112081.75,0.00,15.33,1.82,-0.00,2.13,5,6,10,roofs_top,srf126
srf127,B1007,top,0,1,463156.59,15224981.61,16.00,-0.00,0.00,1,4.00,roofs,7,0,463155.5946 15224980.6117 463157.5946 15224980.6117 463157.5946 15224982.6117 463155.5946 15224982.6117,1112081.75,0.00,15.33,1.82,-0.00,2.13,5,6,10,roofs_top,srf127
srf128,B1007,top,0,1,463156.59,15224983.61,16.00,-0.00,0.00,1,4.00,roofs,7,0,463155.5946 15224982.6117 463157.5946 15224982.6117 463157.5946 15224984.6117 463155.5946 15224984.6117,1112081.75,0.00,15.33,1.82,-0.00,2.13,5,6,10,roofs_top,srf128
srf129,B1007,top,0,1,463156.59,15224985.61,16.00,-0.00,0.00,1,4.00,roofs,7,0,463155.5946 15224984.6117 463157.5946 15224984.6117 463157.5946 15224986.6117 463155.5946 15224986.6117,1112081.75,0.00,15.33,1.82,-0.00,2.13,5,6,10,roofs_top,srf129
srf130,B1007,top,0,1,463156.59,15224987.61,16.00,-0.00,0.00,1,4.00,roofs,7,0,463155.5946 15224986.6117 463157.5946 15224986.6117 463157.5946 15224988.6117 463155.5946 15224988.6117,1112221.25,0.00,15.33,1.82,-0.00,2.13,5,6,10,roofs_top,srf130
srf131,B1007,top,0,1,463156.59,15224989.61,16.00,-0.00,0.00,1,4.00,roofs,7,0,463155.5946 15224988.6117 463157.5946 15224988.6117 463157.5946 15224990.6117 463155.5946 15224990.6117,1112081.75,0.00,15.33,1.82,-0.00,2.13,5,6,10,roofs_top,srf131
srf132,B1007,top,0,1,463156.56,15224991.05,16.00,-0.00,0.00,1,1.74,roofs,7,0,463155.5946 15224990.6117 463157.5946 15224990.6117 463157.5946 15224991.397795197 463155.5946 15224991.563202683,1112081.75,0.00,15.33,1.82,-0.00,0.93,5,6,10,roofs_top,srf132
srf133,B1007,top,0,1,463158.61,15224967.72,16.00,-0.00,0.00,1,3.58,roofs,7,0,463159.5946 15224966.7395403 463159.5946 15224968.6117 463157.5946 15224968.6117 463157.5946 15224966.905977353,1112221.25,0.00,15.33,1.82,-0.00,1.91,5,6,10,roofs_top,srf133
srf134,B1007,top,0,1,463158.59,15224969.61,16.00,-0.00,0.00,1,4.00,roofs,7,0,463157.5946 15224968.6117 463159.5946 15224968.6117 463159.5946 15224970.6117 463157.5946 15224970.6117,1112081.75,0.00,15.33,1.82,-0.00,2.13,5,6,10,roofs_top,srf134
srf135,B1007,top,0,1,463158.59,15224971.61,16.00,-0.00,0.00,1,4.00,roofs,7,0,463157.5946 15224970.6117 463159.5946 15224970.6117 463159.5946 15224972.6117 463157.5946 15224972.6117,1112081.75,0.00,15.33,1.82,-0.00,2.13,5,6,10,roofs_top,srf135
srf136,B1007,top,0,1,463158.59,15224973.61,16.00,-0.00,0.00,1,4.00,roofs,7,0,463157.5946 15224972.6117 463159.5946 15224972.6117 463159.5946 15224974.6117 463157.5946 15224974.6117,1112081.75,0.00,15.33,1.82,-0.00,2.13,5,6,10,roofs_top,srf136
srf137,B1007,top,0,1,463158.59,15224975.61,16.00,-0.00,0.00,1,4.00,roofs,7,0,463157.5946 15224974.6117 463159.5946 15224974.6117 463159.5946 15224976.6117 463157.5946 15224976.6117,1112081.75,0.00,15.33,1.82,-0.00,2.13,5,6,10,roofs_top,srf137
srf138,B1007,top,0,1,463158.59,15224977.61,16.00,-0.00,0.00,1,4.00,roofs,7,0,463157.5946 15224976.6117 463159.5946 15224976.6117 463159.5946 15224978.6117 463157.5946 15224978.6117,1112081.75,0.00,15.33,1.82,-0.00,2.13,5,6,10,roofs_top,srf138
srf139,B1007,top,0,1,463158.59,15224979.61,16.00,-0.00,0.00,1,4.00,roofs,7,0,463157.5946 15224978.6117 463159.5946 15224978.6117 463159.5946 15224980.6117 463157.5946 15224980.6117,1112081.75,0.00,15.33,1.82,-0.00,2.13,5,6,10,roofs_top,srf139
srf140,B1007,top,0,1,463158.59,15224981.61,16.00,-0.00,0.00,1,4.00,roofs,7,0,463157.5946 15224980.6117 463159.5946 15224980.6117 463159.5946 15224982.6117 463157.5946 15224982.6117,1112081.75,0.00,15.33,1.82,-0.00,2.13,5,6,10,roofs_top,srf140
srf141,B1007,top,0,1,463158.59,15224983.61,16.00,-0.00,0.00,1,4.00,roofs,7,0,463157.5946 15224982.6117 463159.5946 15224982.6117 463159.5946 15224984.6117 463157.5946 15224984.6117,1112081.75,0.00,15.33,1.82,-0.00,2.13,5,6,10,roofs_top,srf141
srf142,B1007,top,0,1,463158.59,15224985.61,16.00,-0.00,0.00,1,4.00,roofs,7,0,463157.5946 15224984.6117 463159.5946 15224984.6117 463159.5946 15224986.6117 463157.5946 15224986.6117,1112081.75,0.00,15.33,1.82,-0.00,2.13,5,6,10,roofs_top,srf142
srf143,B1007,top,0,1,463158.59,15224987.61,16.00,-0.00,0.00,1,4.00,roofs,7,0,463157.5946 15224986.6117 463159.5946 15224986.6117 463159.5946 15224988.6117 463157.5946 15224988.6117,1112221.25,0.00,15.33,1.82,-0.00,2.13,5,6,10,roofs_top,srf143
srf144,B1007,top,0,1,463158.59,15224989.61,16.00,-0.00,0.00,1,4.00,roofs,7,0,463157.5946 15224988.6117 463159.5946 15224988.6117 463159.5946 15224990.6117 463157.5946 15224990.6117,1112221.25,0.00,15.33,1.82,-0.00,2.13,5,6,10,roofs_top,srf144
srf145,B1007,top,0,1,463158.56,15224990.97,16.00,-0.00,0.00,1,1.41,roofs,7,0,463157.5946 15224990.6117 463159.5946 15224990.6117 463159.5946 15224991.23238771 463157.5946 15224991.397795197,1112221.25,0.00,15.33,1.82,-0.00,0.75,5,6,10,roofs_top,srf145
srf146,B1007,top,0,1,463160.41,15224967.66,16.00,-0.00,0.00,1,3.14,roofs,7,0,463159.5946 15224968.6117 463159.5946 15224966.7395403 463161.13080000004 15224966.6117 463161.2977510025 15224968.6117,1112341.00,0.00,15.33,1.82,-0.00,1.67,5,6,10,roofs_top,srf146
srf147,B1007,top,0,1,463160.49,15224969.63,16.00,-0.00,0.00,1,3.57,roofs,7,0,463159.5946 15224970.6117 463159.5946 15224968.6117 463161.2977510025 15224968.6117 463161.4647020049 15224970.6117,1112341.00,0.00,15.33,1.82,-0.00,1.91,5,6,10,roofs_top,srf147
srf148,B1007,top,0,1,463160.57,15224971.62,16.00,-0.00,0.00,1,3.90,roofs,7,0,463161.5946 15224972.6117 463159.5946 15224972.6117 463159.5946 15224970.6117 463161.4647020049 15224970.6117 463161.5946 15224972.167821176,1112201.50,0.00,15.33,1.82,-0.00,2.08,5,6,10,roofs_top,srf148
srf149,B1007,top,0,1,463160.59,15224973.61,16.00,-0.00,0.00,1,4.00,roofs,7,0,463159.5946 15224972.6117 463161.5946 15224972.6117 463161.5946 15224974.6117 463159.5946 15224974.6117,1112201.50,0.00,15.33,1.82,-0.00,2.13,5,6,10,roofs_top,srf149
srf150,B1007,top,0,1,463160.59,15224975.61,16.00,-0.00,0.00,1,4.00,roofs,7,0,463159.5946 15224974.6117 463161.5946 15224974.6117 463161.5946 15224976.6117 463159.5946 15224976.6117,1112201.50,0.00,15.33,1.82,-0.00,2.13,5,6,10,roofs_top,srf150
srf151,B1007,top,0,1,463160.59,15224977.61,16.00,-0.00,0.00,1,4.00,roofs,7,0,463159.5946 15224976.6117 463161.5946 15224976.6117 463161.5946 15224978.6117 463159.5946 15224978.6117,1112201.50,0.00,15.33,1.82,-0.00,2.13,5,6,10,roofs_top,srf151
srf152,B1007,top,0,1,463160.59,15224979.61,16.00,-0.00,0.00,1,4.00,roofs,7,0,463159.5946 15224978.6117 463161.5946 15224978.6117 463161.5946 15224980.6117 463159.5946 15224980.6117,1112081.75,0.00,15.33,1.82,-0.00,2.13,5,6,10,roofs_top,srf152
srf153,B1007,top,0,1,463160.59,15224981.61,16.00,-0.00,0.00,1,4.00,roofs,7,0,463159.5946 15224980.6117 463161.5946 15224980.6117 463161.5946 15224982.6117 463159.5946 15224982.6117,1112081.75,0.00,15.33,1.82,-0.00,2.13,5,6,10,roofs_top,srf153
srf154,B1007,top,0,1,463160.59,15224983.61,16.00,-0.00,0.00,1,4.00,roofs,7,0,463159.5946 15224982.6117 463161.5946 15224982.6117 463161.5946 15224984.6117 463159.5946 15224984.6117,1112081.75,0.00,15.33,1.82,-0.00,2.13,5,6,10,roofs_top,srf154
srf155,B1007,top,0,1,463160.59,15224985.61,16.00,-0.00,0.00,1,4.00,roofs,7,0,463159.5946 15224984.6117 463161.5946 15224984.6117 463161.5946 15224986.6117 463159.5946 15224986.6117,1112201.50,0.00,15.33,1.82,-0.00,2.13,5,6,10,roofs_top,srf155
srf156,B1007,top,0,1,463160.59,15224987.61,16.00,-0.00,0.00,1,4.00,roofs,7,0,463159.5946 15224986.6117 463161.5946 15224986.6117 463161.5946 15224988.6117 463159.5946 15224988.6117,1112341.00,0.00,15.33,1.82,-0.00,2.13,5,6,10,roofs_top,srf156
srf157,B1007,top,0,1,463160.59,15224989.61,16.00,-0.00,0.00,1,4.00,roofs,7,0,463159.5946 15224988.6117 463161.5946 15224988.6117 463161.5946 15224990.6117 463159.5946 15224990.6117,1112341.00,0.00,15.33,1.82,-0.00,2.13,5,6,10,roofs_top,srf157
srf158,B1007,top,0,1,463160.54,15224990.88,16.00,-0.00,0.00,1,1.08,roofs,7,0,463159.5946 15224990.6117 463161.5946 15224990.6117 463161.5946 15224991.066980224 463159.5946 15224991.23238771,1112341.00,0.00,15.33,1.82,-0.00,0.57,5,6,10,roofs_top,srf158
srf159,B1007,top,0,1,463161.61,15224972.46,16.00,-0.00,0.00,1,0.01,roofs,7,0,463161.63165300735 15224972.6117 463161.5946 15224972.6117 463161.5946 15224972.167821176,1112341.00,0.00,15.33,1.82,-0.00,0.00,5,6,10,roofs_top,srf159
srf160,B1007,top,0,1,463161.66,15224973.84,16.00,-0.00,0.00,1,0.24,roofs,7,0,463161.5946 15224974.6117 463161.5946 15224972.6117 463161.63165300735 15224972.6117 463161.7986040098 15224974.6117,1112341.00,0.00,15.33,1.82,-0.00,0.13,5,6,10,roofs_top,srf160
srf161,B1007,top,0,1,463161.74,15224975.71,16.00,-0.00,0.00,1,0.57,roofs,7,0,463161.5946 15224976.6117 463161.5946 15224974.6117 463161.7986040098 15224974.6117 463161.9655550122 15224976.6117,1112341.00,0.00,15.33,1.82,-0.00,0.31,5,6,10,roofs_top,srf161
srf162,B1007,top,0,1,463161.82,15224977.67,16.00,-0.00,0.00,1,0.91,roofs,7,0,463161.5946 15224978.6117 463161.5946 15224976.6117 463161.9655550122 15224976.6117 463162.13250601466 15224978.6117,1112201.50,0.00,15.33,1.82,-0.00,0.48,5,6,10,roofs_top,srf162
srf163,B1007,top,0,1,463161.91,15224979.66,16.00,-0.00,0.00,1,1.24,roofs,7,0,463161.5946 15224980.6117 463161.5946 15224978.6117 463162.13250601466 15224978.6117 463162.2994570171 15224980.6117,1112081.75,0.00,15.33,1.82,-0.00,0.66,5,6,10,roofs_top,srf163
srf164,B1007,top,0,1,463161.99,15224981.65,16.00,-0.00,0.00,1,1.58,roofs,7,0,463161.5946 15224982.6117 463161.5946 15224980.6117 463162.2994570171 15224980.6117 463162.46640801954 15224982.6117,1112081.75,0.00,15.33,1.82,-0.00,0.84,5,6,10,roofs_top,srf164
srf165,B1007,top,0,1,463162.07,15224983.64,16.00,-0.00,0.00,1,1.91,roofs,7,0,463161.5946 15224984.6117 463161.5946 15224982.6117 463162.46640801954 15224982.6117 463162.633359022 15224984.6117,1112081.75,0.00,15.33,1.82,-0.00,1.02,5,6,10,roofs_top,srf165
srf166,B1007,top,0,1,463162.16,15224985.64,16.00,-0.00,0.00,1,2.24,roofs,7,0,463161.5946 15224986.6117 463161.5946 15224984.6117 463162.633359022 15224984.6117 463162.8003100244 15224986.6117,1112201.50,0.00,15.33,1.82,-0.00,1.20,5,6,10,roofs_top,srf166
srf167,B1007,top,0,1,463162.24,15224987.63,16.00,-0.00,0.00,1,2.58,roofs,7,0,463161.5946 15224988.6117 463161.5946 15224986.6117 463162.8003100244 15224986.6117 463162.96726102685 15224988.6117,1112341.00,0.00,15.33,1.82,-0.00,1.37,5,6,10,roofs_top,srf167
srf168,B1007,top,0,1,463162.32,15224989.63,16.00,-0.00,0.00,1,2.91,roofs,7,0,463161.5946 15224990.6117 463161.5946 15224988.6117 463162.96726102685 15224988.6117 463163.1342120293 15224990.6117,1112341.00,0.00,15.33,1.82,-0.00,1.55,5,6,10,roofs_top,srf168
srf169,B1007,top,0,1,463162.33,15224990.81,16.00,-0.00,0.00,1,0.61,roofs,7,0,463161.5946 15224990.6117 463163.1342120293 15224990.6117 463163.16140000004 15224990.9374 463161.5946 15224991.066980224,1112341.00,0.00,15.33,1.82,-0.00,0.32,5,6,10,roofs_top,srf169
srf751,B1007,top,0,1,463127.96,15224961.13,16.00,0.00,-0.00,1,0.68,roofs,8,0,463128.8754 15224960.880091991 463128.8754 15224961.3038 463126.896858935 15224961.3038 463126.8754 15224961.046,1090493.25,0.00,15.33,1.82,0.00,0.36,5,6,10,roofs_top,srf751
srf752,B1007,top,0,1,463127.93,15224962.29,16.00,0.00,-0.00,1,3.79,roofs,8,0,463126.896858935 15224961.3038 463128.8754 15224961.3038 463128.8754 15224963.3038 463127.0633363208 15224963.3038,1090068.50,0.00,15.33,1.82,0.00,2.02,5,6,10,roofs_top,srf752
srf753,B1007,top,0,1,463128.01,15224964.29,16.00,0.00,-0.00,1,3.46,roofs,8,0,463127.0633363208 15224963.3038 463128.8754 15224963.3038 463128.8754 15224965.3038 463127.2298137066 15224965.3038,1089338.25,0.00,15.33,1.82,0.00,1.84,5,6,10,roofs_top,srf753
srf754,B1007,top,0,1,463128.09,15224966.29,16.00,0.00,-0.00,1,3.12,roofs,8,0,463127.2298137066 15224965.3038 463128.8754 15224965.3038 463128.8754 15224967.3038 463127.3962910924 15224967.3038,1089896.75,0.00,15.33,1.82,0.00,1.67,5,6,10,roofs_top,srf754
srf755,B1007,top,0,1,463128.18,15224968.28,16.00,0.00,-0.00,1,2.79,roofs,8,0,463127.3962910924 15224967.3038 463128.8754 15224967.3038 463128.8754 15224969.3038 463127.5627684781 15224969.3038,1089896.75,0.00,15.33,1.82,0.00,1.49,5,6,10,roofs_top,srf755
srf756,B1007,top,0,1,463128.26,15224970.28,16.00,0.00,-0.00,1,2.46,roofs,8,0,463127.5627684781 15224969.3038 463128.8754 15224969.3038 463128.8754 15224971.3038 463127.7292458639 15224971.3038,1091091.00,0.00,15.33,1.82,0.00,1.31,5,6,10,roofs_top,srf756
srf757,B1007,top,0,1,463128.34,15224972.28,16.00,0.00,-0.00,1,2.13,roofs,8,0,463127.7292458639 15224971.3038 463128.8754 15224971.3038 463128.8754 15224973.3038 463127.8957232497 15224973.3038,1091463.88,0.00,15.33,1.82,0.00,1.13,5,6,10,roofs_top,srf757
srf758,B1007,top,0,1,463128.43,15224974.27,16.00,0.00,-0.00,1,1.79,roofs,8,0,463127.8957232497 15224973.3038 463128.8754 15224973.3038 463128.8754 15224975.3038 463128.0622006355 15224975.3038,1091463.88,0.00,15.33,1.82,0.00,0.96,5,6,10,roofs_top,srf758
srf759,B1007,top,0,1,463128.51,15224976.27,16.00,0.00,-0.00,1,1.46,roofs,8,0,463128.0622006355 15224975.3038 463128.8754 15224975.3038 463128.8754 15224977.3038 463128.22867802123 15224977.3038,1091611.50,0.00,15.33,1.82,0.00,0.78,5,6,10,roofs_top,srf759
srf760,B1007,top,0,1,463128.59,15224978.25,16.00,0.00,-0.00,1,1.13,roofs,8,0,463128.22867802123 15224977.3038 463128.8754 15224977.3038 463128.8754 15224979.3038 463128.395155407 15224979.3038,1091611.50,0.00,15.33,1.82,0.00,0.60,5,6,10,roofs_top,srf760
srf761,B1007,top,0,1,463128.67,15224980.23,16.00,0.00,-0.00,1,0.79,roofs,8,0,463128.395155407 15224979.3038 463128.8754 15224979.3038 463128.8754 15224981.3038 463128.5616327928 15224981.3038,1091611.50,0.00,15.33,1.82,0.00,0.42,5,6,10,roofs_top,srf761
srf762,B1007,top,0,1,463128.76,15224982.18,16.00,0.00,-0.00,1,0.46,roofs,8,0,463128.5616327928 15224981.3038 463128.8754 15224981.3038 463128.8754 15224983.3038 463128.7281101786 15224983.3038,1091053.00,0.00,15.33,1.82,0.00,0.25,5,6,10,roofs_top,srf762
srf763,B1007,top,0,1,463128.83,15224983.89,16.00,0.00,-0.00,1,0.13,roofs,8,0,463128.7281101786 15224983.3038 463128.8754 15224983.3038 463128.8754 15224985.073287439,1091053.00,0.00,15.33,1.82,0.00,0.07,5,6,10,roofs_top,srf763
srf764,B1007,top,0,1,463129.93,15224961.05,16.00,0.00,-0.00,1,1.01,roofs,8,0,463130.8754 15224960.714183982 463130.8754 15224961.3038 463128.8754 15224961.3038 463128.8754 15224960.880091991,1094095.25,0.00,15.33,1.82,0.00,0.54,5,6,10,roofs_top,srf764
srf765,B1007,top,0,1,463129.88,15224962.30,16.00,0.00,-0.00,1,4.00,roofs,8,0,463128.8754 15224961.3038 463130.8754 15224961.3038 463130.8754 15224963.3038 463128.8754 15224963.3038,1094095.25,0.00,15.33,1.82,0.00,2.13,5,6,10,roofs_top,srf765
srf766,B1007,top,0,1,463129.88,15224964.30,16.00,0.00,-0.00,1,4.00,roofs,8,0,463128.8754 15224963.3038 463130.8754 15224963.3038 463130.8754 15224965.3038 463128.8754 15224965.3038,1095896.75,0.00,15.33,1.82,0.00,2.13,5,6,10,roofs_top,srf766
srf767,B1007,top,0,1,463129.88,15224966.30,16.00,0.00,-0.00,1,4.00,roofs,8,0,463128.8754 15224965.3038 463130.8754 15224965.3038 463130.8754 15224967.3038 463128.8754 15224967.3038,1093407.25,0.00,15.33,1.82,0.00,2.13,5,6,10,roofs_top,srf767
srf768,B1007,top,0,1,463129.88,15224968.30,16.00,0.00,-0.00,1,4.00,roofs,8,0,463128.8754 15224967.3038 463130.8754 15224967.3038 463130.8754 15224969.3038 463128.8754 15224969.3038,1093407.25,0.00,15.33,1.82,0.00,2.13,5,6,10,roofs_top,srf768
srf769,B1007,top,0,1,463129.88,15224970.30,16.00,0.00,-0.00,1,4.00,roofs,8,0,463128.8754 15224969.3038 463130.8754 15224969.3038 463130.8754 15224971.3038 463128.8754 15224971.3038,1095242.25,0.00,15.33,1.82,0.00,2.13,5,6,10,roofs_top,srf769
srf770,B1007,top,0,1,463129.88,15224972.30,16.00,0.00,-0.00,1,4.00,roofs,8,0,463128.8754 15224971.3038 463130.8754 15224971.3038 463130.8754 15224973.3038 463128.8754 15224973.3038,1095615.25,0.00,15.33,1.82,0.00,2.13,5,6,10,roofs_top,srf770
srf771,B1007,top,0,1,463129.88,15224974.30,16.00,0.00,-0.00,1,4.00,roofs,8,0,463128.8754 15224973.3038 463130.8754 15224973.3038 463130.8754 15224975.3038 463128.8754 15224975.3038,1095615.25,0.00,15.33,1.82,0.00,2.13,5,6,10,roofs_top,srf771
srf772,B1007,top,0,1,463129.88,15224976.30,16.00,0.00,-0.00,1,4.00,roofs,8,0,463128.8754 15224975.3038 463130.8754 15224975.3038 463130.8754 15224977.3038 463128.8754 15224977.3038,1095763.00,0.00,15.33,1.82,0.00,2.13,5,6,10,roofs_top,srf772
srf773,B1007,top,0,1,463129.88,15224978.30,16.00,0.00,-0.00,1,4.00,roofs,8,0,463128.8754 15224977.3038 463130.8754 15224977.3038 463130.8754 15224979.3038 463128.8754 15224979.3038,1096529.25,0.00,15.33,1.82,0.00,2.13,5,6,10,roofs_top,srf773
srf774,B1007,top,0,1,463129.88,15224980.30,16.00,0.00,-0.00,1,4.00,roofs,8,0,463128.8754 15224979.3038 463130.8754 15224979.3038 463130.8754 15224981.3038 463128.8754 15224981.3038,1092802.75,0.00,15.33,1.82,0.00,2.13,5,6,10,roofs_top,srf774
srf775,B1007,top,0,1,463129.88,15224982.30,16.00,0.00,-0.00,1,4.00,roofs,8,0,463128.8754 15224981.3038 463130.8754 15224981.3038 463130.8754 15224983.3038 463128.8754 15224983.3038,1092630.12,0.00,15.33,1.82,0.00,2.13,5,6,10,roofs_top,srf775
srf776,B1007,top,0,1,463129.88,15224984.30,16.00,0.00,-0.00,1,4.00,roofs,8,0,463128.8754 15224983.3038 463130.8754 15224983.3038 463130.8754 15224985.3038 463128.89458756434 15224985.3038 463128.8754 15224985.073287439,1089077.75,0.00,15.33,1.82,0.00,2.13,5,6,10,roofs_top,srf776
srf777,B1007,top,0,1,463129.93,15224986.29,16.00,0.00,-0.00,1,3.80,roofs,8,0,463128.89458756434 15224985.3038 463130.8754 15224985.3038 463130.8754 15224987.3038 463129.06106495013 15224987.3038,1084876.50,0.00,15.33,1.82,0.00,2.02,5,6,10,roofs_top,srf777
srf778,B1007,top,0,1,463130.01,15224988.29,16.00,0.00,-0.00,1,3.46,roofs,8,0,463129.06106495013 15224987.3038 463130.8754 15224987.3038 463130.8754 15224989.3038 463129.2275423359 15224989.3038,1088603.00,0.00,15.33,1.82,0.00,1.85,5,6,10,roofs_top,srf778
srf779,B1007,top,0,1,463130.09,15224990.29,16.00,0.00,-0.00,1,3.13,roofs,8,0,463129.2275423359 15224989.3038 463130.8754 15224989.3038 463130.8754 15224991.3038 463129.3940197217 15224991.3038,1089206.38,0.00,15.33,1.82,0.00,1.67,5,6,10,roofs_top,srf779
srf780,B1007,top,0,1,463130.06,15224992.11,16.00,0.00,-0.00,1,2.13,roofs,8,0,463129.3940197217 15224991.3038 463130.8754 15224991.3038 463130.8754 15224991.955044588 463129.8930117521 15224993.3038 463129.5604971075 15224993.3038,1092424.25,0.00,15.33,1.82,0.00,1.14,5,6,10,roofs_top,srf780
srf781,B1007,top,0,1,463129.68,15224993.44,16.00,0.00,-0.00,1,0.07,roofs,8,0,463129.8930117521 15224993.3038 463129.5946 15224993.7135 463129.5604971075 15224993.3038,1092849.00,0.00,15.33,1.82,0.00,0.04,5,6,10,roofs_top,srf781
srf782,B1007,top,0,1,463131.92,15224960.97,16.00,0.00,-0.00,1,1.35,roofs,8,0,463132.8754 15224960.548275974 463132.8754 15224961.3038 463130.8754 15224961.3038 463130.8754 15224960.714183982,1097649.12,0.00,15.33,1.82,0.00,0.72,5,6,10,roofs_top,srf782
srf783,B1007,top,0,1,463131.88,15224962.30,16.00,0.00,-0.00,1,4.00,roofs,8,0,463130.8754 15224961.3038 463132.8754 15224961.3038 463132.8754 15224963.3038 463130.8754 15224963.3038,1097649.12,0.00,15.33,1.82,0.00,2.13,5,6,10,roofs_top,srf783
srf784,B1007,top,0,1,463131.88,15224964.30,16.00,0.00,-0.00,1,4.00,roofs,8,0,463130.8754 15224963.3038 463132.8754 15224963.3038 463132.8754 15224965.3038 463130.8754 15224965.3038,1098207.62,0.00,15.33,1.82,0.00,2.13,5,6,10,roofs_top,srf784
srf785,B1007,top,0,1,463131.88,15224966.30,16.00,0.00,-0.00,1,4.00,roofs,8,0,463130.8754 15224965.3038 463132.8754 15224965.3038 463132.8754 15224967.3038 463130.8754 15224967.3038,1098207.62,0.00,15.33,1.82,0.00,2.13,5,6,10,roofs_top,srf785
srf786,B1007,top,0,1,463131.88,15224968.30,16.00,0.00,-0.00,1,4.00,roofs,8,0,463130.8754 15224967.3038 463132.8754 15224967.3038 463132.8754 15224969.3038 463130.8754 15224969.3038,1098077.00,0.00,15.33,1.82,0.00,2.13,5,6,10,roofs_top,srf786
srf787,B1007,top,0,1,463131.88,15224970.30,16.00,0.00,-0.00,1,4.00,roofs,8,0,463130.8754 15224969.3038 463132.8754 15224969.3038 463132.8754 15224971.3038 463130.8754 15224971.3038,1098077.00,0.00,15.33,1.82,0.00,2.13,5,6,10,roofs_top,srf787
srf788,B1007,top,0,1,463131.88,15224972.30,16.00,0.00,-0.00,1,4.00,roofs,8,0,463130.8754 15224971.3038 463132.8754 15224971.3038 463132.8754 15224973.3038 463130.8754 15224973.3038,1098077.00,0.00,15.33,1.82,0.00,2.13,5,6,10,roofs_top,srf788
srf789,B1007,top,0,1,463131.88,15224974.30,16.00,0.00,-0.00,1,4.00,roofs,8,0,463130.8754 15224973.3038 463132.8754 15224973.3038 463132.8754 15224975.3038 463130.8754 15224975.3038,1097616.38,0.00,15.33,1.82,0.00,2.13,5,6,10,roofs_top,srf789
srf790,B1007,top,0,1,463131.88,15224976.30,16.00,0.00,-0.00,1,4.00,roofs,8,0,463130.8754 15224975.3038 463132.8754 15224975.3038 463132.8754 15224977.3038 463130.8754 15224977.3038,1097764.00,0.00,15.33,1.82,0.00,2.13,5,6,10,roofs_top,srf790
srf791,B1007,top,0,1,463131.88,15224978.30,16.00,0.00,-0.00,1,4.00,roofs,8,0,463130.8754 15224977.3038 463132.8754 15224977.3038 463132.8754 15224979.3038 463130.8754 15224979.3038,1098530.25,0.00,15.33,1.82,0.00,2.13,5,6,10,roofs_top,srf791
srf792,B1007,top,0,1,463131.88,15224980.30,16.00,0.00,-0.00,1,4.00,roofs,8,0,463130.8754 15224979.3038 463132.8754 15224979.3038 463132.8754 15224981.3038 463130.8754 15224981.3038,1093036.88,0.00,15.33,1.82,0.00,2.13,5,6,10,roofs_top,srf792
srf793,B1007,top,0,1,463131.88,15224982.30,16.00,0.00,-0.00,1,4.00,roofs,8,0,463130.8754 15224981.3038 463132.8754 15224981.3038 463132.8754 15224983.3038 463130.8754 15224983.3038,1092802.75,0.00,15.33,1.82,0.00,2.13,5,6,10,roofs_top,srf793
srf794,B1007,top,0,1,463131.88,15224984.30,16.00,0.00,-0.00,1,4.00,roofs,8,0,463130.8754 15224983.3038 463132.8754 15224983.3038 463132.8754 15224985.3038 463130.8754 15224985.3038,1092802.75,0.00,15.33,1.82,0.00,2.13,5,6,10,roofs_top,srf794
srf795,B1007,top,0,1,463131.88,15224986.30,16.00,0.00,-0.00,1,4.00,roofs,8,0,463130.8754 15224985.3038 463132.8754 15224985.3038 463132.8754 15224987.3038 463130.8754 15224987.3038,1092328.00,0.00,15.33,1.82,0.00,2.13,5,6,10,roofs_top,srf795
srf796,B1007,top,0,1,463131.87,15224988.30,16.00,0.00,-0.00,1,4.00,roofs,8,0,463130.8754 15224989.3038 463130.8754 15224987.3038 463132.8754 15224987.3038 463132.8754 15224989.209174173 463132.80647771875 15224989.3038,1094094.88,0.00,15.33,1.82,0.00,2.13,5,6,10,roofs_top,srf796
srf797,B1007,top,0,1,463131.55,15224990.10,16.00,0.00,-0.00,1,2.41,roofs,8,0,463130.8754 15224991.3038 463130.8754 15224989.3038 463132.80647771875 15224989.3038 463131.3497447354 15224991.3038,1094094.88,0.00,15.33,1.82,0.00,1.28,5,6,10,roofs_top,srf797
srf798,B1007,top,0,1,463131.03,15224991.52,16.00,0.00,-0.00,1,0.15,roofs,8,0,463130.8754 15224991.3038 463131.3497447354 15224991.3038 463130.8754 15224991.955044588,1093190.38,0.00,15.33,1.82,0.00,0.08,5,6,10,roofs_top,srf798
srf799,B1007,top,0,1,463133.91,15224960.88,16.00,0.00,-0.00,1,1.68,roofs,8,0,463134.8754 15224960.382367965 463134.8754 15224961.3038 463132.8754 15224961.3038 463132.8754 15224960.548275974,1099442.50,0.00,15.33,1.82,0.00,0.89,5,6,10,roofs_top,srf799
srf800,B1007,top,0,1,463133.88,15224962.30,16.00,0.00,-0.00,1,4.00,roofs,8,0,463132.8754 15224961.3038 463134.8754 15224961.3038 463134.8754 15224963.3038 463132.8754 15224963.3038,1098589.38,0.00,15.33,1.82,0.00,2.13,5,6,10,roofs_top,srf800
srf801,B1007,top,0,1,463133.88,15224964.30,16.00,0.00,-0.00,1,4.00,roofs,8,0,463132.8754 15224963.3038 463134.8754 15224963.3038 463134.8754 15224965.3038 463132.8754 15224965.3038,1098589.38,0.00,15.33,1.82,0.00,2.13,5,6,10,roofs_top,srf801
srf802,B1007,top,0,1,463133.88,15224966.30,16.00,0.00,-0.00,1,4.00,roofs,8,0,463132.8754 15224965.3038 463134.8754 15224965.3038 463134.8754 15224967.3038 463132.8754 15224967.3038,1098589.38,0.00,15.33,1.82,0.00,2.13,5,6,10,roofs_top,srf802
srf803,B1007,top,0,1,463133.88,15224968.30,16.00,0.00,-0.00,1,4.00,roofs,8,0,463132.8754 15224967.3038 463134.8754 15224967.3038 463134.8754 15224969.3038 463132.8754 15224969.3038,1098589.50,0.00,15.33,1.82,0.00,2.13,5,6,10,roofs_top,srf803
srf804,B1007,top,0,1,463133.88,15224970.30,16.00,0.00,-0.00,1,4.00,roofs,8,0,463132.8754 15224969.3038 463134.8754 15224969.3038 463134.8754 15224971.3038 463132.8754 15224971.3038,1098589.50,0.00,15.33,1.82,0.00,2.13,5,6,10,roofs_top,srf804
srf805,B1007,top,0,1,463133.88,15224972.30,16.00,0.00,-0.00,1,4.00,roofs,8,0,463132.8754 15224971.3038 463134.8754 15224971.3038 463134.8754 15224973.3038 463132.8754 15224973.3038,1098441.75,0.00,15.33,1.82,0.00,2.13,5,6,10,roofs_top,srf805
srf806,B1007,top,0,1,463133.88,15224974.30,16.00,0.00,-0.00,1,4.00,roofs,8,0,463132.8754 15224973.3038 463134.8754 15224973.3038 463134.8754 15224975.3038 463132.8754 15224975.3038,1098441.75,0.00,15.33,1.82,0.00,2.13,5,6,10,roofs_top,srf806
srf807,B1007,top,0,1,463133.88,15224976.30,16.00,0.00,-0.00,1,4.00,roofs,8,0,463132.8754 15224975.3038 463134.8754 15224975.3038 463134.8754 15224977.3038 463132.8754 15224977.3038,1098589.50,0.00,15.33,1.82,0.00,2.13,5,6,10,roofs_top,srf807
srf808,B1007,top,0,1,463133.88,15224978.30,16.00,0.00,-0.00,1,4.00,roofs,8,0,463132.8754 15224977.3038 463134.8754 15224977.3038 463134.8754 15224979.3038 463132.8754 15224979.3038,1099355.75,0.00,15.33,1.82,0.00,2.13,5,6,10,roofs_top,srf808
srf809,B1007,top,0,1,463133.88,15224980.30,16.00,0.00,-0.00,1,4.00,roofs,8,0,463132.8754 15224979.3038 463134.8754 15224979.3038 463134.8754 15224981.3038 463132.8754 15224981.3038,1094042.75,0.00,15.33,1.82,0.00,2.13,5,6,10,roofs_top,srf809
srf810,B1007,top,0,1,463133.88,15224982.30,16.00,0.00,-0.00,1,4.00,roofs,8,0,463132.8754 15224981.3038 463134.8754 15224981.3038 463134.8754 15224983.3038 463132.8754 15224983.3038,1094255.00,0.00,15.33,1.82,0.00,2.13,5,6,10,roofs_top,srf810
srf811,B1007,top,0,1,463133.88,15224984.30,16.00,0.00,-0.00,1,4.00,roofs,8,0,463132.8754 15224983.3038 463134.8754 15224983.3038 463134.8754 15224985.3038 463132.8754 15224985.3038,1094255.00,0.00,15.33,1.82,0.00,2.13,5,6,10,roofs_top,srf811
srf812,B1007,top,0,1,463133.82,15224986.25,16.00,0.00,-0.00,1,3.74,roofs,8,0,463132.8754 15224987.3038 463132.8754 15224985.3038 463134.8754 15224985.3038 463134.8754 15224986.46330376 463134.26321070205 15224987.3038,1099169.75,0.00,15.33,1.82,0.00,2.00,5,6,10,roofs_top,srf812
srf813,B1007,top,0,1,463133.34,15224987.94,16.00,0.00,-0.00,1,1.32,roofs,8,0,463132.8754 15224987.3038 463134.26321070205 15224987.3038 463132.8754 15224989.209174173,1098907.00,0.00,15.33,1.82,0.00,0.70,5,6,10,roofs_top,srf813
srf814,B1007,top,0,1,463135.90,15224960.80,16.00,0.00,-0.00,1,2.01,roofs,8,0,463136.8754 15224960.216459956 463136.8754 15224961.3038 463134.8754 15224961.3038 463134.8754 15224960.382367965,1100994.25,0.00,15.33,1.82,0.00,1.07,5,6,10,roofs_top,srf814
srf815,B1007,top,0,1,463135.88,15224962.30,16.00,0.00,-0.00,1,4.00,roofs,8,0,463134.8754 15224961.3038 463136.8754 15224961.3038 463136.8754 15224963.3038 463134.8754 15224963.3038,1100994.25,0.00,15.33,1.82,0.00,2.13,5,6,10,roofs_top,srf815
srf816,B1007,top,0,1,463135.88,15224964.30,16.00,0.00,-0.00,1,4.00,roofs,8,0,463134.8754 15224963.3038 463136.8754 15224963.3038 463136.8754 15224965.3038 463134.8754 15224965.3038,1100141.00,0.00,15.33,1.82,0.00,2.13,5,6,10,roofs_top,srf816
srf817,B1007,top,0,1,463135.88,15224966.30,16.00,0.00,-0.00,1,4.00,roofs,8,0,463134.8754 15224965.3038 463136.8754 15224965.3038 463136.8754 15224967.3038 463134.8754 15224967.3038,1100141.00,0.00,15.33,1.82,0.00,2.13,5,6,10,roofs_top,srf817
srf818,B1007,top,0,1,463135.88,15224968.30,16.00,0.00,-0.00,1,4.00,roofs,8,0,463134.8754 15224967.3038 463136.8754 15224967.3038 463136.8754 15224969.3038 463134.8754 15224969.3038,1100375.25,0.00,15.33,1.82,0.00,2.13,5,6,10,roofs_top,srf818
srf819,B1007,top,0,1,463135.88,15224970.30,16.00,0.00,-0.00,1,4.00,roofs,8,0,463134.8754 15224969.3038 463136.8754 15224969.3038 463136.8754 15224971.3038 463134.8754 15224971.3038,1102118.50,0.00,15.33,1.82,0.00,2.13,5,6,10,roofs_top,srf819
srf820,B1007,top,0,1,463135.88,15224972.30,16.00,0.00,-0.00,1,4.00,roofs,8,0,463134.8754 15224971.3038 463136.8754 15224971.3038 463136.8754 15224973.3038 463134.8754 15224973.3038,1102118.50,0.00,15.33,1.82,0.00,2.13,5,6,10,roofs_top,srf820
srf821,B1007,top,0,1,463135.88,15224974.30,16.00,0.00,-0.00,1,4.00,roofs,8,0,463134.8754 15224973.3038 463136.8754 15224973.3038 463136.8754 15224975.3038 463134.8754 15224975.3038,1102118.50,0.00,15.33,1.82,0.00,2.13,5,6,10,roofs_top,srf821
srf822,B1007,top,0,1,463135.88,15224976.30,16.00,0.00,-0.00,1,4.00,roofs,8,0,463134.8754 15224975.3038 463136.8754 15224975.3038 463136.8754 15224977.3038 463134.8754 15224977.3038,1102118.50,0.00,15.33,1.82,0.00,2.13,5,6,10,roofs_top,srf822
srf823,B1007,top,0,1,463135.88,15224978.30,16.00,0.00,-0.00,1,4.00,roofs,8,0,463134.8754 15224977.3038 463136.8754 15224977.3038 463136.8754 15224979.3038 463134.8754 15224979.3038,1102118.50,0.00,15.33,1.82,0.00,2.13,5,6,10,roofs_top,srf823
srf824,B1007,top,0,1,463135.88,15224980.30,16.00,0.00,-0.00,1,4.00,roofs,8,0,463134.8754 15224979.3038 463136.8754 15224979.3038 463136.8754 15224981.3038 463134.8754 15224981.3038,1100985.88,0.00,15.33,1.82,0.00,2.13,5,6,10,roofs_top,srf824
srf825,B1007,top,0,1,463135.88,15224982.30,16.00,0.00,-0.00,1,4.00,roofs,8,0,463134.8754 15224981.3038 463136.8754 15224981.3038 463136.8754 15224983.3038 463134.8754 15224983.3038,1100812.38,0.00,15.33,1.82,0.00,2.13,5,6,10,roofs_top,srf825
srf826,B1007,top,0,1,463135.69,15224984.16,16.00,0.00,-0.00,1,3.08,roofs,8,0,463134.8754 15224985.3038 463134.8754 15224983.3038 463136.8754 15224983.3038 463136.8754 15224983.717433345 463135.71994368534 15224985.3038,1099261.75,0.00,15.33,1.82,0.00,1.64,5,6,10,roofs_top,srf826
srf827,B1007,top,0,1,463135.16,15224985.69,16.00,0.00,-0.00,1,0.49,roofs,8,0,463134.8754 15224985.3038 463135.71994368534 15224985.3038 463134.8754 15224986.46330376,1099748.25,0.00,15.33,1.82,0.00,0.26,5,6,10,roofs_top,srf827
srf828,B1007,top,0,1,463137.90,15224960.72,16.00,0.00,-0.00,1,2.34,roofs,8,0,463138.8754 15224960.050551947 463138.8754 15224961.3038 463136.8754 15224961.3038 463136.8754 15224960.216459956,1102280.38,0.00,15.33,1.82,0.00,1.25,5,6,10,roofs_top,srf828
srf829,B1007,top,0,1,463137.88,15224962.30,16.00,0.00,-0.00,1,4.00,roofs,8,0,463136.8754 15224961.3038 463138.8754 15224961.3038 463138.8754 15224963.3038 463136.8754 15224963.3038,1102280.38,0.00,15.33,1.82,0.00,2.13,5,6,10,roofs_top,srf829
srf830,B1007,top,0,1,463137.88,15224964.30,16.00,0.00,-0.00,1,4.00,roofs,8,0,463136.8754 15224963.3038 463138.8754 15224963.3038 463138.8754 15224965.3038 463136.8754 15224965.3038,1102280.38,0.00,15.33,1.82,0.00,2.13,5,6,10,roofs_top,srf830
srf831,B1007,top,0,1,463137.88,15224966.30,16.00,0.00,-0.00,1,4.00,roofs,8,0,463136.8754 15224965.3038 463138.8754 15224965.3038 463138.8754 15224967.3038 463136.8754 15224967.3038,1102126.75,0.00,15.33,1.82,0.00,2.13,5,6,10,roofs_top,srf831
srf832,B1007,top,0,1,463137.88,15224968.30,16.00,0.00,-0.00,1,4.00,roofs,8,0,463136.8754 15224967.3038 463138.8754 15224967.3038 463138.8754 15224969.3038 463136.8754 15224969.3038,1101768.38,0.00,15.33,1.82,0.00,2.13,5,6,10,roofs_top,srf832
srf833,B1007,top,0,1,463137.88,15224970.30,16.00,0.00,-0.00,1,4.00,roofs,8,0,463136.8754 15224969.3038 463138.8754 15224969.3038 463138.8754 15224971.3038 463136.8754 15224971.3038,1103170.50,0.00,15.33,1.82,0.00,2.13,5,6,10,roofs_top,srf833
srf834,B1007,top,0,1,463137.88,15224972.30,16.00,0.00,-0.00,1,4.00,roofs,8,0,463136.8754 15224971.3038 463138.8754 15224971.3038 463138.8754 15224973.3038 463136.8754 15224973.3038,1103170.50,0.00,15.33,1.82,0.00,2.13,5,6,10,roofs_top,srf834
srf835,B1007,top,0,1,463137.88,15224974.30,16.00,0.00,-0.00,1,4.00,roofs,8,0,463136.8754 15224973.3038 463138.8754 15224973.3038 463138.8754 15224975.3038 463136.8754 15224975.3038,1103170.50,0.00,15.33,1.82,0.00,2.13,5,6,10,roofs_top,srf835
srf836,B1007,top,0,1,463137.88,15224976.30,16.00,0.00,-0.00,1,4.00,roofs,8,0,463136.8754 15224975.3038 463138.8754 15224975.3038 463138.8754 15224977.3038 463136.8754 15224977.3038,1103170.50,0.00,15.33,1.82,0.00,2.13,5,6,10,roofs_top,srf836
srf837,B1007,top,0,1,463137.88,15224978.30,16.00,0.00,-0.00,1,4.00,roofs,8,0,463136.8754 15224977.3038 463138.8754 15224977.3038 463138.8754 15224979.3038 463136.8754 15224979.3038,1102770.00,0.00,15.33,1.82,0.00,2.13,5,6,10,roofs_top,srf837
srf838,B1007,top,0,1,463137.87,15224980.29,16.00,0.00,-0.00,1,3.96,roofs,8,0,463136.8754 15224981.3038 463136.8754 15224979.3038 463138.8754 15224979.3038 463138.8754 15224980.971562931 463138.633409652 15224981.3038,1101884.38,0.00,15.33,1.82,0.00,2.11,5,6,10,roofs_top,srf838
srf839,B1007,top,0,1,463137.48,15224982.07,16.00,0.00,-0.00,1,2.06,roofs,8,0,463136.8754 15224983.3038 463136.8754 15224981.3038 463138.633409652 15224981.3038 463137.17667666863 15224983.3038,1102737.50,0.00,15.33,1.82,0.00,1.10,5,6,10,roofs_top,srf839
srf840,B1007,top,0,1,463136.98,15224983.44,16.00,0.00,-0.00,1,0.06,roofs,8,0,463136.8754 15224983.3038 463137.17667666863 15224983.3038 463136.8754 15224983.717433345,1102277.00,0.00,15.33,1.82,0.00,0.03,5,6,10,roofs_top,srf840
srf841,B1007,top,0,1,463139.90,15224960.63,16.00,0.00,-0.00,1,2.67,roofs,8,0,463140.8754 15224959.884643938 463140.8754 15224961.3038 463138.8754 15224961.3038 463138.8754 15224960.050551947,1104023.50,0.00,15.33,1.82,0.00,1.42,5,6,10,roofs_top,srf841
srf842,B1007,top,0,1,463139.88,15224962.30,16.00,0.00,-0.00,1,4.00,roofs,8,0,463138.8754 15224961.3038 463140.8754 15224961.3038 463140.8754 15224963.3038 463138.8754 15224963.3038,1103560.75,0.00,15.33,1.82,0.00,2.13,5,6,10,roofs_top,srf842
srf843,B1007,top,0,1,463139.88,15224964.30,16.00,0.00,-0.00,1,4.00,roofs,8,0,463138.8754 15224963.3038 463140.8754 15224963.3038 463140.8754 15224965.3038 463138.8754 15224965.3038,1103560.75,0.00,15.33,1.82,0.00,2.13,5,6,10,roofs_top,srf843
srf844,B1007,top,0,1,463139.88,15224966.30,16.00,0.00,-0.00,1,4.00,roofs,8,0,463138.8754 15224965.3038 463140.8754 15224965.3038 463140.8754 15224967.3038 463138.8754 15224967.3038,1102280.38,0.00,15.33,1.82,0.00,2.13,5,6,10,roofs_top,srf844
srf845,B1007,top,0,1,463139.88,15224968.30,16.00,0.00,-0.00,1,4.00,roofs,8,0,463138.8754 15224967.3038 463140.8754 15224967.3038 463140.8754 15224969.3038 463138.8754 15224969.3038,1102280.38,0.00,15.33,1.82,0.00,2.13,5,6,10,roofs_top,srf845
srf846,B1007,top,0,1,463139.88,15224970.30,16.00,0.00,-0.00,1,4.00,roofs,8,0,463138.8754 15224969.3038 463140.8754 15224969.3038 463140.8754 15224971.3038 463138.8754 15224971.3038,1104023.50,0.00,15.33,1.82,0.00,2.13,5,6,10,roofs_top,srf846
srf847,B1007,top,0,1,463139.88,15224972.30,16.00,0.00,-0.00,1,4.00,roofs,8,0,463138.8754 15224971.3038 463140.8754 15224971.3038 463140.8754 15224973.3038 463138.8754 15224973.3038,1104023.50,0.00,15.33,1.82,0.00,2.13,5,6,10,roofs_top,srf847
srf848,B1007,top,0,1,463139.88,15224974.30,16.00,0.00,-0.00,1,4.00,roofs,8,0,463138.8754 15224973.3038 463140.8754 15224973.3038 463140.8754 15224975.3038 463138.8754 15224975.3038,1104023.50,0.00,15.33,1.82,0.00,2.13,5,6,10,roofs_top,srf848
srf849,B1007,top,0,1,463139.88,15224976.30,16.00,0.00,-0.00,1,4.00,roofs,8,0,463138.8754 15224975.3038 463140.8754 15224975.3038 463140.8754 15224977.3038 463138.8754 15224977.3038,1104023.50,0.00,15.33,1.82,0.00,2.13,5,6,10,roofs_top,srf849
srf850,B1007,top,0,1,463139.79,15224978.23,16.00,0.00,-0.00,1,3.58,roofs,8,0,463138.8754 15224979.3038 463138.8754 15224977.3038 463140.8754 15224977.3038 463140.8754 15224978.225692518 463140.0901426353 15224979.3038,1104023.50,0.00,15.33,1.82,0.00,1.91,5,6,10,roofs_top,srf850
srf851,B1007,top,0,1,463139.28,15224979.86,16.00,0.00,-0.00,1,1.01,roofs,8,0,463138.8754 15224979.3038 463140.0901426353 15224979.3038 463138.8754 15224980.971562931,1102583.88,0.00,15.33,1.82,0.00,0.54,5,6,10,roofs_top,srf851
srf852,B1007,top,0,1,463141.89,15224960.55,16.00,0.00,-0.00,1,3.00,roofs,8,0,463142.8754 15224959.71873593 463142.8754 15224961.3038 463140.8754 15224961.3038 463140.8754 15224959.884643938,1104023.50,0.00,15.33,1.82,0.00,1.60,5,6,10,roofs_top,srf852
srf853,B1007,top,0,1,463141.88,15224962.30,16.00,0.00,-0.00,1,4.00,roofs,8,0,463140.8754 15224961.3038 463142.8754 15224961.3038 463142.8754 15224963.3038 463140.8754 15224963.3038,1104023.50,0.00,15.33,1.82,0.00,2.13,5,6,10,roofs_top,srf853
srf854,B1007,top,0,1,463141.88,15224964.30,16.00,0.00,-0.00,1,4.00,roofs,8,0,463140.8754 15224963.3038 463142.8754 15224963.3038 463142.8754 15224965.3038 463140.8754 15224965.3038,1104023.50,0.00,15.33,1.82,0.00,2.13,5,6,10,roofs_top,srf854
srf855,B1007,top,0,1,463141.88,15224966.30,16.00,0.00,-0.00,1,4.00,roofs,8,0,463140.8754 15224965.3038 463142.8754 15224965.3038 463142.8754 15224967.3038 463140.8754 15224967.3038,1104023.50,0.00,15.33,1.82,0.00,2.13,5,6,10,roofs_top,srf855
srf856,B1007,top,0,1,463141.88,15224968.30,16.00,0.00,-0.00,1,4.00,roofs,8,0,463140.8754 15224967.3038 463142.8754 15224967.3038 463142.8754 15224969.3038 463140.8754 15224969.3038,1104023.50,0.00,15.33,1.82,0.00,2.13,5,6,10,roofs_top,srf856
srf857,B1007,top,0,1,463141.88,15224970.30,16.00,0.00,-0.00,1,4.00,roofs,8,0,463140.8754 15224969.3038 463142.8754 15224969.3038 463142.8754 15224971.3038 463140.8754 15224971.3038,1104023.50,0.00,15.33,1.82,0.00,2.13,5,6,10,roofs_top,srf857
srf858,B1007,top,0,1,463141.88,15224972.30,16.00,0.00,-0.00,1,4.00,roofs,8,0,463140.8754 15224971.3038 463142.8754 15224971.3038 463142.8754 15224973.3038 463140.8754 15224973.3038,1104023.50,0.00,15.33,1.82,0.00,2.13,5,6,10,roofs_top,srf858
srf859,B1007,top,0,1,463141.88,15224974.30,16.00,0.00,-0.00,1,4.00,roofs,8,0,463140.8754 15224973.3038 463142.8754 15224973.3038 463142.8754 15224975.3038 463140.8754 15224975.3038,1104023.50,0.00,15.33,1.82,0.00,2.13,5,6,10,roofs_top,srf859
srf860,B1007,top,0,1,463141.63,15224976.13,16.00,0.00,-0.00,1,2.79,roofs,8,0,463140.8754 15224977.3038 463140.8754 15224975.3038 463142.8754 15224975.3038 463142.8754 15224975.479822103 463141.5468756186 15224977.3038,1104023.50,0.00,15.33,1.82,0.00,1.49,5,6,10,roofs_top,srf860
srf861,B1007,top,0,1,463141.10,15224977.61,16.00,0.00,-0.00,1,0.31,roofs,8,0,463140.8754 15224977.3038 463141.5468756186 15224977.3038 463140.8754 15224978.225692518,1104023.50,0.00,15.33,1.82,0.00,0.17,5,6,10,roofs_top,srf861
srf862,B1007,top,0,1,463143.89,15224960.47,16.00,0.00,-0.00,1,3.34,roofs,8,0,463144.8754 15224959.55282792 463144.8754 15224961.3038 463142.8754 15224961.3038 463142.8754 15224959.71873593,1104023.50,0.00,15.33,1.82,0.00,1.78,5,6,10,roofs_top,srf862
srf863,B1007,top,0,1,463143.88,15224962.30,16.00,0.00,-0.00,1,4.00,roofs,8,0,463142.8754 15224961.3038 463144.8754 15224961.3038 463144.8754 15224963.3038 463142.8754 15224963.3038,1104023.50,0.00,15.33,1.82,0.00,2.13,5,6,10,roofs_top,srf863
srf864,B1007,top,0,1,463143.88,15224964.30,16.00,0.00,-0.00,1,4.00,roofs,8,0,463142.8754 15224963.3038 463144.8754 15224963.3038 463144.8754 15224965.3038 463142.8754 15224965.3038,1104023.50,0.00,15.33,1.82,0.00,2.13,5,6,10,roofs_top,srf864
srf865,B1007,top,0,1,463143.88,15224966.30,16.00,0.00,-0.00,1,4.00,roofs,8,0,463142.8754 15224965.3038 463144.8754 15224965.3038 463144.8754 15224967.3038 463142.8754 15224967.3038,1104023.50,0.00,15.33,1.82,0.00,2.13,5,6,10,roofs_top,srf865
srf866,B1007,top,0,1,463143.88,15224968.30,16.00,0.00,-0.00,1,4.00,roofs,8,0,463142.8754 15224967.3038 463144.8754 15224967.3038 463144.8754 15224969.3038 463142.8754 15224969.3038,1104023.50,0.00,15.33,1.82,0.00,2.13,5,6,10,roofs_top,srf866
srf867,B1007,top,0,1,463143.88,15224970.30,16.00,0.00,-0.00,1,4.00,roofs,8,0,463142.8754 15224969.3038 463144.8754 15224969.3038 463144.8754 15224971.3038 463142.8754 15224971.3038,1104023.50,0.00,15.33,1.82,0.00,2.13,5,6,10,roofs_top,srf867
srf868,B1007,top,0,1,463143.85,15224972.28,16.00,0.00,-0.00,1,3.88,roofs,8,0,463142.8754 15224973.3038 463142.8754 15224971.3038 463144.8754 15224971.3038 463144.8754 15224972.73395169 463144.4603415852 15224973.3038,1104023.50,0.00,15.33,1.82,0.00,2.07,5,6,10,roofs_top,srf868
srf869,B1007,top,0,1,463143.41,15224974.02,16.00,0.00,-0.00,1,1.71,roofs,8,0,463142.8754 15224975.3038 463142.8754 15224973.3038 463144.4603415852 15224973.3038 463143.00360860187 15224975.3038,1104023.50,0.00,15.33,1.82,0.00,0.91,5,6,10,roofs_top,srf869
srf870,B1007,top,0,1,463142.92,15224975.36,16.00,0.00,-0.00,1,0.01,roofs,8,0,463142.8754 15224975.3038 463143.00360860187 15224975.3038 463142.8754 15224975.479822103,1104023.50,0.00,15.33,1.82,0.00,0.01,5,6,10,roofs_top,srf870
srf871,B1007,top,0,1,463145.89,15224960.39,16.00,0.00,-0.00,1,3.67,roofs,8,0,463146.8754 15224959.386919912 463146.8754 15224961.3038 463144.8754 15224961.3038 463144.8754 15224959.55282792,1104023.50,0.00,15.33,1.82,0.00,1.96,5,6,10,roofs_top,srf871
srf872,B1007,top,0,1,463145.88,15224962.30,16.00,0.00,-0.00,1,4.00,roofs,8,0,463144.8754 15224961.3038 463146.8754 15224961.3038 463146.8754 15224963.3038 463144.8754 15224963.3038,1104023.50,0.00,15.33,1.82,0.00,2.13,5,6,10,roofs_top,srf872
srf873,B1007,top,0,1,463145.88,15224964.30,16.00,0.00,-0.00,1,4.00,roofs,8,0,463144.8754 15224963.3038 463146.8754 15224963.3038 463146.8754 15224965.3038 463144.8754 15224965.3038,1104023.50,0.00,15.33,1.82,0.00,2.13,5,6,10,roofs_top,srf873
srf874,B1007,top,0,1,463145.88,15224966.30,16.00,0.00,-0.00,1,4.00,roofs,8,0,463144.8754 15224965.3038 463146.8754 15224965.3038 463146.8754 15224967.3038 463144.8754 15224967.3038,1104023.50,0.00,15.33,1.82,0.00,2.13,5,6,10,roofs_top,srf874
srf875,B1007,top,0,1,463145.88,15224968.30,16.00,0.00,-0.00,1,4.00,roofs,8,0,463144.8754 15224967.3038 463146.8754 15224967.3038 463146.8754 15224969.3038 463144.8754 15224969.3038,1104023.50,0.00,15.33,1.82,0.00,2.13,5,6,10,roofs_top,srf875
srf876,B1007,top,0,1,463145.75,15224970.20,16.00,0.00,-0.00,1,3.37,roofs,8,0,463144.8754 15224971.3038 463144.8754 15224969.3038 463146.8754 15224969.3038 463146.8754 15224969.988081275 463145.9170745685 15224971.3038,1104023.50,0.00,15.33,1.82,0.00,1.80,5,6,10,roofs_top,srf876
srf877,B1007,top,0,1,463145.22,15224971.78,16.00,0.00,-0.00,1,0.74,roofs,8,0,463144.8754 15224971.3038 463145.9170745685 15224971.3038 463144.8754 15224972.73395169,1104023.50,0.00,15.33,1.82,0.00,0.40,5,6,10,roofs_top,srf877
srf878,B1007,top,0,1,463147.42,15224960.35,16.00,0.00,-0.00,1,2.13,roofs,8,0,463147.8774 15224959.3038 463148.0440726526 15224961.3038 463146.8754 15224961.3038 463146.8754 15224959.386919912,1104532.25,0.00,15.33,1.82,0.00,1.14,5,6,10,roofs_top,srf878
srf879,B1007,top,0,1,463147.50,15224962.33,16.00,0.00,-0.00,1,2.50,roofs,8,0,463146.8754 15224963.3038 463146.8754 15224961.3038 463148.0440726526 15224961.3038 463148.21074530523 15224963.3038,1104023.50,0.00,15.33,1.82,0.00,1.33,5,6,10,roofs_top,srf879
srf880,B1007,top,0,1,463147.59,15224964.32,16.00,0.00,-0.00,1,2.84,roofs,8,0,463146.8754 15224965.3038 463146.8754 15224963.3038 463148.21074530523 15224963.3038 463148.3774179578 15224965.3038,1104023.50,0.00,15.33,1.82,0.00,1.51,5,6,10,roofs_top,srf880
srf881,B1007,top,0,1,463147.67,15224966.32,16.00,0.00,-0.00,1,3.17,roofs,8,0,463146.8754 15224967.3038 463146.8754 15224965.3038 463148.3774179578 15224965.3038 463148.5440906104 15224967.3038,1104023.50,0.00,15.33,1.82,0.00,1.69,5,6,10,roofs_top,srf881
srf882,B1007,top,0,1,463147.54,15224968.12,16.00,0.00,-0.00,1,2.40,roofs,8,0,463146.8754 15224969.3038 463146.8754 15224967.3038 463148.5440906104 15224967.3038 463148.5735 15224967.6567 463147.3738075518 15224969.3038,1104023.50,0.00,15.33,1.82,0.00,1.28,5,6,10,roofs_top,srf882
srf883,B1007,top,0,1,463147.04,15224969.53,16.00,0.00,-0.00,1,0.17,roofs,8,0,463146.8754 15224969.3038 463147.3738075518 15224969.3038 463146.8754 15224969.988081275,1104023.50,0.00,15.33,1.82,0.00,0.09,5,6,10,roofs_top,srf883
